"BiocVersion","Genome","NumGenes","NumOrthologs","SourceType","SourceUrl","SourceVersion","Species","TaxonomyId","Coordinate_1_based","DataProvider","Maintainer","Tags","Title","Description","RDataClass","DispatchClass","ResourceName"
"3.4","MicrosporidiaDB-31_EaedisUSNM41457","4262","2347","GFF","http://MicrosporidiaDB.org/common/downloads/Current_Release/EaedisUSNM41457/gff/data/MicrosporidiaDB-31_EaedisUSNM41457.gff","31","Edhazardia aedis USNM 41457",1003232,TRUE,"MicrosporidiaDB","Keith Hughitt <khughitt@umd.edu>","Annotation,EuPathDB,Eukaryote,Pathogen,Parasite,Microsporidia","Transcript information for Edhazardia aedis USNM 41457","MicrosporidiaDB 31 transcript information for Edhazardia aedis USNM 41457","GRanges","GRanges","GRanges.Edhazardia_aedis_USNM_41457.microsporidiadb31.rda"
"3.4","FungiDB-31_PcinnamomiCBS144-22","26201","24306","GFF","http://FungiDB.org/common/downloads/Current_Release/PcinnamomiCBS144-22/gff/data/FungiDB-31_PcinnamomiCBS144-22.gff","31","Phytophthora cinnamomi var. cinnamomi CBS 144.22",1048749,TRUE,"FungiDB","Keith Hughitt <khughitt@umd.edu>","Annotation,EuPathDB,Eukaryote,Pathogen,Parasite,Fungus,Fungi","Transcript information for Phytophthora cinnamomi var. cinnamomi CBS 144.22","FungiDB 31 transcript information for Phytophthora cinnamomi var. cinnamomi CBS 144.22","GRanges","GRanges","GRanges.Phytophthora_cinnamomi_var_cinnamomi_CBS_144_22.fungidb31.rda"
"3.4","TriTrypDB-31_TvivaxY486","12050","11385","GFF","http://TriTrypDB.org/common/downloads/Current_Release/TvivaxY486/gff/data/TriTrypDB-31_TvivaxY486.gff","31","Trypanosoma vivax Y486",1055687,TRUE,"TriTrypDB","Keith Hughitt <khughitt@umd.edu>","Annotation,EuPathDB,Eukaryote,Pathogen,Parasite,Trypanosome,Kinetoplastid,Leishmania","Transcript information for Trypanosoma vivax Y486","TriTrypDB 31 transcript information for Trypanosoma vivax Y486","GRanges","GRanges","GRanges.Trypanosoma_vivax_Y486.tritrypdb31.rda"
"3.4","TriTrypDB-31_TcongolenseIL3000","11792","11555","GFF","http://TriTrypDB.org/common/downloads/Current_Release/TcongolenseIL3000/gff/data/TriTrypDB-31_TcongolenseIL3000.gff","31","Trypanosoma congolense IL3000",1068625,TRUE,"TriTrypDB","Keith Hughitt <khughitt@umd.edu>","Annotation,EuPathDB,Eukaryote,Pathogen,Parasite,Trypanosome,Kinetoplastid,Leishmania","Transcript information for Trypanosoma congolense IL3000","TriTrypDB 31 transcript information for Trypanosoma congolense IL3000","GRanges","GRanges","GRanges.Trypanosoma_congolense_IL3000.tritrypdb31.rda"
"3.4","ToxoDB-31_TgondiiARI","10148","9810","GFF","http://ToxoDB.org/common/downloads/Current_Release/TgondiiARI/gff/data/ToxoDB-31_TgondiiARI.gff","31","Toxoplasma gondii ARI",1074872,TRUE,"ToxoDB","Keith Hughitt <khughitt@umd.edu>","Annotation,EuPathDB,Eukaryote,Pathogen,Parasite,Toxoplasmosis","Transcript information for Toxoplasma gondii ARI","ToxoDB 31 transcript information for Toxoplasma gondii ARI","GRanges","GRanges","GRanges.Toxoplasma_gondii_ARI.toxodb31.rda"
"3.4","AmoebaDB-31_EnuttalliP19","6193","6168","GFF","http://AmoebaDB.org/common/downloads/Current_Release/EnuttalliP19/gff/data/AmoebaDB-31_EnuttalliP19.gff","31","Entamoeba nuttalli P19",1076696,TRUE,"AmoebaDB","Keith Hughitt <khughitt@umd.edu>","Annotation,EuPathDB,Eukaryote,Pathogen,Parasite,Amoeba","Transcript information for Entamoeba nuttalli P19","AmoebaDB 31 transcript information for Entamoeba nuttalli P19","GRanges","GRanges","GRanges.Entamoeba_nuttalli_P19.amoebadb31.rda"
"3.4","PlasmoDB-31_PcynomolgiB","5776","5665","GFF","http://PlasmoDB.org/common/downloads/Current_Release/PcynomolgiB/gff/data/PlasmoDB-31_PcynomolgiB.gff","31","Plasmodium cynomolgi strain B",1120755,TRUE,"PlasmoDB","Keith Hughitt <khughitt@umd.edu>","Annotation,EuPathDB,Eukaryote,Pathogen,Parasite,Plasmodium","Transcript information for Plasmodium cynomolgi strain B","PlasmoDB 31 transcript information for Plasmodium cynomolgi strain B","GRanges","GRanges","GRanges.Plasmodium_cynomolgi_strain_B.plasmodb31.rda"
"3.4","ToxoDB-31_TgondiiGAB2-2007-GAL-DOM2","9296","8986","GFF","http://ToxoDB.org/common/downloads/Current_Release/TgondiiGAB2-2007-GAL-DOM2/gff/data/ToxoDB-31_TgondiiGAB2-2007-GAL-DOM2.gff","31","Toxoplasma gondii GAB2-2007-GAL-DOM2",1130820,TRUE,"ToxoDB","Keith Hughitt <khughitt@umd.edu>","Annotation,EuPathDB,Eukaryote,Pathogen,Parasite,Toxoplasmosis","Transcript information for Toxoplasma gondii GAB2-2007-GAL-DOM2","ToxoDB 31 transcript information for Toxoplasma gondii GAB2-2007-GAL-DOM2","GRanges","GRanges","GRanges.Toxoplasma_gondii_GAB2-2007-GAL-DOM2.toxodb31.rda"
"3.4","ToxoDB-31_TgondiiTgCatPRC2","10300","9952","GFF","http://ToxoDB.org/common/downloads/Current_Release/TgondiiTgCatPRC2/gff/data/ToxoDB-31_TgondiiTgCatPRC2.gff","31","Toxoplasma gondii TgCatPRC2",1130821,TRUE,"ToxoDB","Keith Hughitt <khughitt@umd.edu>","Annotation,EuPathDB,Eukaryote,Pathogen,Parasite,Toxoplasmosis","Transcript information for Toxoplasma gondii TgCatPRC2","ToxoDB 31 transcript information for Toxoplasma gondii TgCatPRC2","GRanges","GRanges","GRanges.Toxoplasma_gondii_TgCatPRC2.toxodb31.rda"
"3.4","PiroplasmaDB-31_BmicrotiRI","3560","2775","GFF","http://PiroplasmaDB.org/common/downloads/Current_Release/BmicrotiRI/gff/data/PiroplasmaDB-31_BmicrotiRI.gff","31","Babesia microti strain RI",1133968,TRUE,"PiroplasmaDB","Keith Hughitt <khughitt@umd.edu>","Annotation,EuPathDB,Eukaryote,Pathogen,Parasite,Piroplasma","Transcript information for Babesia microti strain RI","PiroplasmaDB 31 transcript information for Babesia microti strain RI","GRanges","GRanges","GRanges.Babesia_microti_strain_RI.piroplasmadb31.rda"
"3.4","MicrosporidiaDB-31_Nsp1ERTm6","2544","2399","GFF","http://MicrosporidiaDB.org/common/downloads/Current_Release/Nsp1ERTm6/gff/data/MicrosporidiaDB-31_Nsp1ERTm6.gff","31","Nematocida sp. 1 ERTm6",1138374,TRUE,"MicrosporidiaDB","Keith Hughitt <khughitt@umd.edu>","Annotation,EuPathDB,Eukaryote,Pathogen,Parasite,Microsporidia","Transcript information for Nematocida sp. 1 ERTm6","MicrosporidiaDB 31 transcript information for Nematocida sp. 1 ERTm6","GRanges","GRanges","GRanges.Nematocida_sp_1_ERTm6.microsporidiadb31.rda"
"3.4","FungiDB-31_SdiclinaVS20","17448","16893","GFF","http://FungiDB.org/common/downloads/Current_Release/SdiclinaVS20/gff/data/FungiDB-31_SdiclinaVS20.gff","31","Saprolegnia diclina VS20",1156394,TRUE,"FungiDB","Keith Hughitt <khughitt@umd.edu>","Annotation,EuPathDB,Eukaryote,Pathogen,Parasite,Fungus,Fungi","Transcript information for Saprolegnia diclina VS20","FungiDB 31 transcript information for Saprolegnia diclina VS20","GRanges","GRanges","GRanges.Saprolegnia_diclina_VS20.fungidb31.rda"
"3.4","CryptoDB-31_CveliaCCMP2878","30806","22663","GFF","http://CryptoDB.org/common/downloads/Current_Release/CveliaCCMP2878/gff/data/CryptoDB-31_CveliaCCMP2878.gff","31","Chromera velia CCMP2878",1169474,TRUE,"CryptoDB","Keith Hughitt <khughitt@umd.edu>","Annotation,EuPathDB,Eukaryote,Pathogen,Parasite,Cryptosporidium","Transcript information for Chromera velia CCMP2878","CryptoDB 31 transcript information for Chromera velia CCMP2878","GRanges","GRanges","GRanges.Chromera_velia_CCMP2878.cryptodb31.rda"
"3.4","CryptoDB-31_VbrassicaformisCCMP3155","23503","18208","GFF","http://CryptoDB.org/common/downloads/Current_Release/VbrassicaformisCCMP3155/gff/data/CryptoDB-31_VbrassicaformisCCMP3155.gff","31","Vitrella brassicaformis CCMP3155",1169540,TRUE,"CryptoDB","Keith Hughitt <khughitt@umd.edu>","Annotation,EuPathDB,Eukaryote,Pathogen,Parasite,Cryptosporidium","Transcript information for Vitrella brassicaformis CCMP3155","CryptoDB 31 transcript information for Vitrella brassicaformis CCMP3155","GRanges","GRanges","GRanges.Vitrella_brassicaformis_CCMP3155.cryptodb31.rda"
"3.4","MicrosporidiaDB-31_EromaleaeSJ2008","1883","1824","GFF","http://MicrosporidiaDB.org/common/downloads/Current_Release/EromaleaeSJ2008/gff/data/MicrosporidiaDB-31_EromaleaeSJ2008.gff","31","Encephalitozoon romaleae SJ-2008",1178016,TRUE,"MicrosporidiaDB","Keith Hughitt <khughitt@umd.edu>","Annotation,EuPathDB,Eukaryote,Pathogen,Parasite,Microsporidia","Transcript information for Encephalitozoon romaleae SJ-2008","MicrosporidiaDB 31 transcript information for Encephalitozoon romaleae SJ-2008","GRanges","GRanges","GRanges.Encephalitozoon_romaleae_SJ-2008.microsporidiadb31.rda"
"3.4","TriTrypDB-31_LaethiopicaL147","8826","8628","GFF","http://TriTrypDB.org/common/downloads/Current_Release/LaethiopicaL147/gff/data/TriTrypDB-31_LaethiopicaL147.gff","31","Leishmania aethiopica L147",1206056,TRUE,"TriTrypDB","Keith Hughitt <khughitt@umd.edu>","Annotation,EuPathDB,Eukaryote,Pathogen,Parasite,Trypanosome,Kinetoplastid,Leishmania","Transcript information for Leishmania aethiopica L147","TriTrypDB 31 transcript information for Leishmania aethiopica L147","GRanges","GRanges","GRanges.Leishmania_aethiopica_L147.tritrypdb31.rda"
"3.4","TriTrypDB-31_LtropicaL590","8938","8723","GFF","http://TriTrypDB.org/common/downloads/Current_Release/LtropicaL590/gff/data/TriTrypDB-31_LtropicaL590.gff","31","Leishmania tropica L590",1206058,TRUE,"TriTrypDB","Keith Hughitt <khughitt@umd.edu>","Annotation,EuPathDB,Eukaryote,Pathogen,Parasite,Trypanosome,Kinetoplastid,Leishmania","Transcript information for Leishmania tropica L590","TriTrypDB 31 transcript information for Leishmania tropica L590","GRanges","GRanges","GRanges.Leishmania_tropica_L590.tritrypdb31.rda"
"3.4","FungiDB-31_PjiroveciiSE8","3752","3153","GFF","http://FungiDB.org/common/downloads/Current_Release/PjiroveciiSE8/gff/data/FungiDB-31_PjiroveciiSE8.gff","31","Pneumocystis jirovecii SE8",1209962,TRUE,"FungiDB","Keith Hughitt <khughitt@umd.edu>","Annotation,EuPathDB,Eukaryote,Pathogen,Parasite,Fungus,Fungi","Transcript information for Pneumocystis jirovecii SE8","FungiDB 31 transcript information for Pneumocystis jirovecii SE8","GRanges","GRanges","GRanges.Pneumocystis_jirovecii_SE8.fungidb31.rda"
"3.4","FungiDB-31_PaphanidermatumDAOMBR444","12363","11929","GFF","http://FungiDB.org/common/downloads/Current_Release/PaphanidermatumDAOMBR444/gff/data/FungiDB-31_PaphanidermatumDAOMBR444.gff","31","Pythium aphanidermatum DAOM BR444",1223555,TRUE,"FungiDB","Keith Hughitt <khughitt@umd.edu>","Annotation,EuPathDB,Eukaryote,Pathogen,Parasite,Fungus,Fungi","Transcript information for Pythium aphanidermatum DAOM BR444","FungiDB 31 transcript information for Pythium aphanidermatum DAOM BR444","GRanges","GRanges","GRanges.Pythium_aphanidermatum_DAOM_BR444.fungidb31.rda"
"3.4","FungiDB-31_ParrhenomanesATCC12531","13857","13222","GFF","http://FungiDB.org/common/downloads/Current_Release/ParrhenomanesATCC12531/gff/data/FungiDB-31_ParrhenomanesATCC12531.gff","31","Pythium arrhenomanes ATCC 12531",1223556,TRUE,"FungiDB","Keith Hughitt <khughitt@umd.edu>","Annotation,EuPathDB,Eukaryote,Pathogen,Parasite,Fungus,Fungi","Transcript information for Pythium arrhenomanes ATCC 12531","FungiDB 31 transcript information for Pythium arrhenomanes ATCC 12531","GRanges","GRanges","GRanges.Pythium_arrhenomanes_ATCC_12531.fungidb31.rda"
"3.4","FungiDB-31_PirregulareDAOMBR486","13869","13419","GFF","http://FungiDB.org/common/downloads/Current_Release/PirregulareDAOMBR486/gff/data/FungiDB-31_PirregulareDAOMBR486.gff","31","Pythium irregulare DAOM BR486",1223557,TRUE,"FungiDB","Keith Hughitt <khughitt@umd.edu>","Annotation,EuPathDB,Eukaryote,Pathogen,Parasite,Fungus,Fungi","Transcript information for Pythium irregulare DAOM BR486","FungiDB 31 transcript information for Pythium irregulare DAOM BR486","GRanges","GRanges","GRanges.Pythium_irregulare_DAOM_BR486.fungidb31.rda"
"3.4","FungiDB-31_PiwayamaiDAOMBR242034","14940","14197","GFF","http://FungiDB.org/common/downloads/Current_Release/PiwayamaiDAOMBR242034/gff/data/FungiDB-31_PiwayamaiDAOMBR242034.gff","31","Pythium iwayamai DAOM BR242034",1223558,TRUE,"FungiDB","Keith Hughitt <khughitt@umd.edu>","Annotation,EuPathDB,Eukaryote,Pathogen,Parasite,Fungus,Fungi","Transcript information for Pythium iwayamai DAOM BR242034","FungiDB 31 transcript information for Pythium iwayamai DAOM BR242034","GRanges","GRanges","GRanges.Pythium_iwayamai_DAOM_BR242034.fungidb31.rda"
"3.4","FungiDB-31_PultimumBR650","14091","13072","GFF","http://FungiDB.org/common/downloads/Current_Release/PultimumBR650/gff/data/FungiDB-31_PultimumBR650.gff","31","Pythium ultimum var. sporangiiferum BR650",1223559,TRUE,"FungiDB","Keith Hughitt <khughitt@umd.edu>","Annotation,EuPathDB,Eukaryote,Pathogen,Parasite,Fungus,Fungi","Transcript information for Pythium ultimum var. sporangiiferum BR650","FungiDB 31 transcript information for Pythium ultimum var. sporangiiferum BR650","GRanges","GRanges","GRanges.Pythium_ultimum_var_sporangiiferum_BR650.fungidb31.rda"
"3.4","FungiDB-31_PvexansDAOMBR484","11991","11580","GFF","http://FungiDB.org/common/downloads/Current_Release/PvexansDAOMBR484/gff/data/FungiDB-31_PvexansDAOMBR484.gff","31","Pythium vexans DAOM BR484",1223560,TRUE,"FungiDB","Keith Hughitt <khughitt@umd.edu>","Annotation,EuPathDB,Eukaryote,Pathogen,Parasite,Fungus,Fungi","Transcript information for Pythium vexans DAOM BR484","FungiDB 31 transcript information for Pythium vexans DAOM BR484","GRanges","GRanges","GRanges.Pythium_vexans_DAOM_BR484.fungidb31.rda"
"3.4","PlasmoDB-31_PinuiSanAntonio1","5879","5433","GFF","http://PlasmoDB.org/common/downloads/Current_Release/PinuiSanAntonio1/gff/data/PlasmoDB-31_PinuiSanAntonio1.gff","31","Plasmodium inui San Antonio 1",1237626,TRUE,"PlasmoDB","Keith Hughitt <khughitt@umd.edu>","Annotation,EuPathDB,Eukaryote,Pathogen,Parasite,Plasmodium","Transcript information for Plasmodium inui San Antonio 1","PlasmoDB 31 transcript information for Plasmodium inui San Antonio 1","GRanges","GRanges","GRanges.Plasmodium_inui_San_Antonio_1.plasmodb31.rda"
"3.4","MicrosporidiaDB-31_AalgeraePRA109","5330","4744","GFF","http://MicrosporidiaDB.org/common/downloads/Current_Release/AalgeraePRA109/gff/data/MicrosporidiaDB-31_AalgeraePRA109.gff","31","Anncaliia algerae PRA109",1240240,TRUE,"MicrosporidiaDB","Keith Hughitt <khughitt@umd.edu>","Annotation,EuPathDB,Eukaryote,Pathogen,Parasite,Microsporidia","Transcript information for Anncaliia algerae PRA109","MicrosporidiaDB 31 transcript information for Anncaliia algerae PRA109","GRanges","GRanges","GRanges.Anncaliia_algerae_PRA109.microsporidiadb31.rda"
"3.4","AmoebaDB-31_AcastellaniiNeff","16130","12207","GFF","http://AmoebaDB.org/common/downloads/Current_Release/AcastellaniiNeff/gff/data/AmoebaDB-31_AcastellaniiNeff.gff","31","Acanthamoeba castellanii str. Neff",1257118,TRUE,"AmoebaDB","Keith Hughitt <khughitt@umd.edu>","Annotation,EuPathDB,Eukaryote,Pathogen,Parasite,Amoeba","Transcript information for Acanthamoeba castellanii str. Neff","AmoebaDB 31 transcript information for Acanthamoeba castellanii str. Neff","GRanges","GRanges","GRanges.Acanthamoeba_castellanii_str_Neff.amoebadb31.rda"
"3.4","PlasmoDB-31_PvivaxSal1","5631","5550","GFF","http://PlasmoDB.org/common/downloads/Current_Release/PvivaxSal1/gff/data/PlasmoDB-31_PvivaxSal1.gff","31","Plasmodium vivax Sal-1",126793,TRUE,"PlasmoDB","Keith Hughitt <khughitt@umd.edu>","Annotation,EuPathDB,Eukaryote,Pathogen,Parasite,Plasmodium","Transcript information for Plasmodium vivax Sal-1","PlasmoDB 31 transcript information for Plasmodium vivax Sal-1","GRanges","GRanges","GRanges.Plasmodium_vivax_Sal-1.plasmodb31.rda"
"3.4","FungiDB-31_FfujikuroiIMI58289","15099","14355","GFF","http://FungiDB.org/common/downloads/Current_Release/FfujikuroiIMI58289/gff/data/FungiDB-31_FfujikuroiIMI58289.gff","31","Fusarium fujikuroi IMI 58289",1279085,TRUE,"FungiDB","Keith Hughitt <khughitt@umd.edu>","Annotation,EuPathDB,Eukaryote,Pathogen,Parasite,Fungus,Fungi","Transcript information for Fusarium fujikuroi IMI 58289","FungiDB 31 transcript information for Fusarium fujikuroi IMI 58289","GRanges","GRanges","GRanges.Fusarium_fujikuroi_IMI_58289.fungidb31.rda"
"3.4","MicrosporidiaDB-31_AalgeraePRA339","3661","3281","GFF","http://MicrosporidiaDB.org/common/downloads/Current_Release/AalgeraePRA339/gff/data/MicrosporidiaDB-31_AalgeraePRA339.gff","31","Anncaliia algerae PRA339",1288291,TRUE,"MicrosporidiaDB","Keith Hughitt <khughitt@umd.edu>","Annotation,EuPathDB,Eukaryote,Pathogen,Parasite,Microsporidia","Transcript information for Anncaliia algerae PRA339","MicrosporidiaDB 31 transcript information for Anncaliia algerae PRA339","GRanges","GRanges","GRanges.Anncaliia_algerae_PRA339.microsporidiadb31.rda"
"3.4","TriTrypDB-31_LpanamensisMHOMCOL81L13","8778","8503","GFF","http://TriTrypDB.org/common/downloads/Current_Release/LpanamensisMHOMCOL81L13/gff/data/TriTrypDB-31_LpanamensisMHOMCOL81L13.gff","31","Leishmania panamensis MHOM/COL/81/L13",1295824,TRUE,"TriTrypDB","Keith Hughitt <khughitt@umd.edu>","Annotation,EuPathDB,Eukaryote,Pathogen,Parasite,Trypanosome,Kinetoplastid,Leishmania","Transcript information for Leishmania panamensis MHOM/COL/81/L13","TriTrypDB 31 transcript information for Leishmania panamensis MHOM/COL/81/L13","GRanges","GRanges","GRanges.Leishmania_panamensis_MHOM_COL_81_L13.tritrypdb31.rda"
"3.4","TriTrypDB-31_LbraziliensisMHOMBR75M2903","9379","9079","GFF","http://TriTrypDB.org/common/downloads/Current_Release/LbraziliensisMHOMBR75M2903/gff/data/TriTrypDB-31_LbraziliensisMHOMBR75M2903.gff","31","Leishmania braziliensis MHOM/BR/75/M2903",1295825,TRUE,"TriTrypDB","Keith Hughitt <khughitt@umd.edu>","Annotation,EuPathDB,Eukaryote,Pathogen,Parasite,Trypanosome,Kinetoplastid,Leishmania","Transcript information for Leishmania braziliensis MHOM/BR/75/M2903","TriTrypDB 31 transcript information for Leishmania braziliensis MHOM/BR/75/M2903","GRanges","GRanges","GRanges.Leishmania_braziliensis_MHOM_BR_75_M2903.tritrypdb31.rda"
"3.4","TriTrypDB-31_LspMARLEM2494","8581","8240","GFF","http://TriTrypDB.org/common/downloads/Current_Release/LspMARLEM2494/gff/data/TriTrypDB-31_LspMARLEM2494.gff","31","Leishmania sp. MAR LEM2494",1303197,TRUE,"TriTrypDB","Keith Hughitt <khughitt@umd.edu>","Annotation,EuPathDB,Eukaryote,Pathogen,Parasite,Trypanosome,Kinetoplastid,Leishmania","Transcript information for Leishmania sp. MAR LEM2494","TriTrypDB 31 transcript information for Leishmania sp. MAR LEM2494","GRanges","GRanges","GRanges.Leishmania_sp_MAR_LEM2494.tritrypdb31.rda"
"3.4","MicrosporidiaDB-31_OcolligataOC4","1879","1749","GFF","http://MicrosporidiaDB.org/common/downloads/Current_Release/OcolligataOC4/gff/data/MicrosporidiaDB-31_OcolligataOC4.gff","31","Ordospora colligata OC4",1354746,TRUE,"MicrosporidiaDB","Keith Hughitt <khughitt@umd.edu>","Annotation,EuPathDB,Eukaryote,Pathogen,Parasite,Microsporidia","Transcript information for Ordospora colligata OC4","MicrosporidiaDB 31 transcript information for Ordospora colligata OC4","GRanges","GRanges","GRanges.Ordospora_colligata_OC4.microsporidiadb31.rda"
"3.4","MicrosporidiaDB-31_Slophii42_110","2596","1949","GFF","http://MicrosporidiaDB.org/common/downloads/Current_Release/Slophii42_110/gff/data/MicrosporidiaDB-31_Slophii42_110.gff","31","Spraguea lophii 42_110",1358809,TRUE,"MicrosporidiaDB","Keith Hughitt <khughitt@umd.edu>","Annotation,EuPathDB,Eukaryote,Pathogen,Parasite,Microsporidia","Transcript information for Spraguea lophii 42_110","MicrosporidiaDB 31 transcript information for Spraguea lophii 42_110","GRanges","GRanges","GRanges.Spraguea_lophii_42_110.microsporidiadb31.rda"
"3.4","TriTrypDB-31_TcruziDm28c","11398","11022","GFF","http://TriTrypDB.org/common/downloads/Current_Release/TcruziDm28c/gff/data/TriTrypDB-31_TcruziDm28c.gff","31","Trypanosoma cruzi Dm28c",1416333,TRUE,"TriTrypDB","Keith Hughitt <khughitt@umd.edu>","Annotation,EuPathDB,Eukaryote,Pathogen,Parasite,Trypanosome,Kinetoplastid,Leishmania","Transcript information for Trypanosoma cruzi Dm28c","TriTrypDB 31 transcript information for Trypanosoma cruzi Dm28c","GRanges","GRanges","GRanges.Trypanosoma_cruzi_Dm28c.tritrypdb31.rda"
"3.4","PiroplasmaDB-31_TequiWA","5397","5073","GFF","http://PiroplasmaDB.org/common/downloads/Current_Release/TequiWA/gff/data/PiroplasmaDB-31_TequiWA.gff","31","Theileria equi strain WA",1537102,TRUE,"PiroplasmaDB","Keith Hughitt <khughitt@umd.edu>","Annotation,EuPathDB,Eukaryote,Pathogen,Parasite,Piroplasma","Transcript information for Theileria equi strain WA","PiroplasmaDB 31 transcript information for Theileria equi strain WA","GRanges","GRanges","GRanges.Theileria_equi_strain_WA.piroplasmadb31.rda"
"3.4","GiardiaDB-31_GintestinalisAssemblageAWB","9747","5901","GFF","http://GiardiaDB.org/common/downloads/Current_Release/GintestinalisAssemblageAWB/gff/data/GiardiaDB-31_GintestinalisAssemblageAWB.gff","31","Giardia Assemblage A isolate WB",184922,TRUE,"GiardiaDB","Keith Hughitt <khughitt@umd.edu>","Annotation,EuPathDB,Eukaryote,Pathogen,Parasite,Giardia","Transcript information for Giardia Assemblage A isolate WB","GiardiaDB 31 transcript information for Giardia Assemblage A isolate WB","GRanges","GRanges","GRanges.Giardia_Assemblage_A_isolate_WB.giardiadb31.rda"
"3.4","TriTrypDB-31_TbruceiTREU927","11703","10989","GFF","http://TriTrypDB.org/common/downloads/Current_Release/TbruceiTREU927/gff/data/TriTrypDB-31_TbruceiTREU927.gff","31","Trypanosoma brucei brucei TREU927",185431,TRUE,"TriTrypDB","Keith Hughitt <khughitt@umd.edu>","Annotation,EuPathDB,Eukaryote,Pathogen,Parasite,Trypanosome,Kinetoplastid,Leishmania","Transcript information for Trypanosoma brucei brucei TREU927","TriTrypDB 31 transcript information for Trypanosoma brucei brucei TREU927","GRanges","GRanges","GRanges.Trypanosoma_brucei_brucei_TREU927.tritrypdb31.rda"
"3.4","FungiDB-31_CneoformansJEC21","7004","6702","GFF","http://FungiDB.org/common/downloads/Current_Release/CneoformansJEC21/gff/data/FungiDB-31_CneoformansJEC21.gff","31","Cryptococcus neoformans var. neoformans JEC21",214684,TRUE,"FungiDB","Keith Hughitt <khughitt@umd.edu>","Annotation,EuPathDB,Eukaryote,Pathogen,Parasite,Fungus,Fungi","Transcript information for Cryptococcus neoformans var. neoformans JEC21","FungiDB 31 transcript information for Cryptococcus neoformans var. neoformans JEC21","GRanges","GRanges","GRanges.Cryptococcus_neoformans_var_neoformans_JEC21.fungidb31.rda"
"3.4","FungiDB-31_CposadasiiC735deltSOWgp","7255","7211","GFF","http://FungiDB.org/common/downloads/Current_Release/CposadasiiC735deltSOWgp/gff/data/FungiDB-31_CposadasiiC735deltSOWgp.gff","31","Coccidioides posadasii C735 delta SOWgp",222929,TRUE,"FungiDB","Keith Hughitt <khughitt@umd.edu>","Annotation,EuPathDB,Eukaryote,Pathogen,Parasite,Fungus,Fungi","Transcript information for Coccidioides posadasii C735 delta SOWgp","FungiDB 31 transcript information for Coccidioides posadasii C735 delta SOWgp","GRanges","GRanges","GRanges.Coccidioides_posadasii_C735_delta_SOWgp.fungidb31.rda"
"3.4","FungiDB-31_AnidulansFGSCA4","10988","10736","GFF","http://FungiDB.org/common/downloads/Current_Release/AnidulansFGSCA4/gff/data/FungiDB-31_AnidulansFGSCA4.gff","31","Aspergillus nidulans FGSC A4",227321,TRUE,"FungiDB","Keith Hughitt <khughitt@umd.edu>","Annotation,EuPathDB,Eukaryote,Pathogen,Parasite,Fungus,Fungi","Transcript information for Aspergillus nidulans FGSC A4","FungiDB 31 transcript information for Aspergillus nidulans FGSC A4","GRanges","GRanges","GRanges.Aspergillus_nidulans_FGSC_A4.fungidb31.rda"
"3.4","FungiDB-31_FgraminearumPH-1","14477","13263","GFF","http://FungiDB.org/common/downloads/Current_Release/FgraminearumPH-1/gff/data/FungiDB-31_FgraminearumPH-1.gff","31","Fusarium graminearum PH-1",229533,TRUE,"FungiDB","Keith Hughitt <khughitt@umd.edu>","Annotation,EuPathDB,Eukaryote,Pathogen,Parasite,Fungus,Fungi","Transcript information for Fusarium graminearum PH-1","FungiDB 31 transcript information for Fusarium graminearum PH-1","GRanges","GRanges","GRanges.Fusarium_graminearum_PH-1.fungidb31.rda"
"3.4","FungiDB-31_CneoformansH99","8338","6936","GFF","http://FungiDB.org/common/downloads/Current_Release/CneoformansH99/gff/data/FungiDB-31_CneoformansH99.gff","31","Cryptococcus neoformans var. grubii H99",235443,TRUE,"FungiDB","Keith Hughitt <khughitt@umd.edu>","Annotation,EuPathDB,Eukaryote,Pathogen,Parasite,Fungus,Fungi","Transcript information for Cryptococcus neoformans var. grubii H99","FungiDB 31 transcript information for Cryptococcus neoformans var. grubii H99","GRanges","GRanges","GRanges.Cryptococcus_neoformans_var_grubii_H99.fungidb31.rda"
"3.4","FungiDB-31_CalbicansSC5314","6468","6206","GFF","http://FungiDB.org/common/downloads/Current_Release/CalbicansSC5314/gff/data/FungiDB-31_CalbicansSC5314.gff","31","Candida albicans SC5314",237561,TRUE,"FungiDB","Keith Hughitt <khughitt@umd.edu>","Annotation,EuPathDB,Eukaryote,Pathogen,Parasite,Fungus,Fungi","Transcript information for Candida albicans SC5314","FungiDB 31 transcript information for Candida albicans SC5314","GRanges","GRanges","GRanges.Candida_albicans_SC5314.fungidb31.rda"
"3.4","FungiDB-31_Umaydis521","6910","6348","GFF","http://FungiDB.org/common/downloads/Current_Release/Umaydis521/gff/data/FungiDB-31_Umaydis521.gff","31","Ustilago maydis 521",237631,TRUE,"FungiDB","Keith Hughitt <khughitt@umd.edu>","Annotation,EuPathDB,Eukaryote,Pathogen,Parasite,Fungus,Fungi","Transcript information for Ustilago maydis 521","FungiDB 31 transcript information for Ustilago maydis 521","GRanges","GRanges","GRanges.Ustilago_maydis_521.fungidb31.rda"
"3.4","FungiDB-31_Ccinereaokay7-130","13657","11190","GFF","http://FungiDB.org/common/downloads/Current_Release/Ccinereaokay7-130/gff/data/FungiDB-31_Ccinereaokay7-130.gff","31","Coprinopsis cinerea okayama7#130",240176,TRUE,"FungiDB","Keith Hughitt <khughitt@umd.edu>","Annotation,EuPathDB,Eukaryote,Pathogen,Parasite,Fungus,Fungi","Transcript information for Coprinopsis cinerea okayama7#130","FungiDB 31 transcript information for Coprinopsis cinerea okayama7#130","GRanges","GRanges","GRanges.Coprinopsis_cinerea_okayama7#130.fungidb31.rda"
"3.4","FungiDB-31_Moryzae70-15","13184","10110","GFF","http://FungiDB.org/common/downloads/Current_Release/Moryzae70-15/gff/data/FungiDB-31_Moryzae70-15.gff","31","Magnaporthe oryzae 70-15",242507,TRUE,"FungiDB","Keith Hughitt <khughitt@umd.edu>","Annotation,EuPathDB,Eukaryote,Pathogen,Parasite,Fungus,Fungi","Transcript information for Magnaporthe oryzae 70-15","FungiDB 31 transcript information for Magnaporthe oryzae 70-15","GRanges","GRanges","GRanges.Magnaporthe_oryzae_70-15.fungidb31.rda"
"3.4","FungiDB-31_RdelemarRA99-880","17703","15357","GFF","http://FungiDB.org/common/downloads/Current_Release/RdelemarRA99-880/gff/data/FungiDB-31_RdelemarRA99-880.gff","31","Rhizopus delemar RA 99-880",246409,TRUE,"FungiDB","Keith Hughitt <khughitt@umd.edu>","Annotation,EuPathDB,Eukaryote,Pathogen,Parasite,Fungus,Fungi","Transcript information for Rhizopus delemar RA 99-880","FungiDB 31 transcript information for Rhizopus delemar RA 99-880","GRanges","GRanges","GRanges.Rhizopus_delemar_RA_99-880.fungidb31.rda"
"3.4","FungiDB-31_CimmitisRS","9905","9757","GFF","http://FungiDB.org/common/downloads/Current_Release/CimmitisRS/gff/data/FungiDB-31_CimmitisRS.gff","31","Coccidioides immitis RS",246410,TRUE,"FungiDB","Keith Hughitt <khughitt@umd.edu>","Annotation,EuPathDB,Eukaryote,Pathogen,Parasite,Fungus,Fungi","Transcript information for Coccidioides immitis RS","FungiDB 31 transcript information for Coccidioides immitis RS","GRanges","GRanges","GRanges.Coccidioides_immitis_RS.fungidb31.rda"
"3.4","FungiDB-31_PchrysosporiumRP-78","13817","11597","GFF","http://FungiDB.org/common/downloads/Current_Release/PchrysosporiumRP-78/gff/data/FungiDB-31_PchrysosporiumRP-78.gff","31","Phanerochaete chrysosporium RP-78",273507,TRUE,"FungiDB","Keith Hughitt <khughitt@umd.edu>","Annotation,EuPathDB,Eukaryote,Pathogen,Parasite,Fungus,Fungi","Transcript information for Phanerochaete chrysosporium RP-78","FungiDB 31 transcript information for Phanerochaete chrysosporium RP-78","GRanges","GRanges","GRanges.Phanerochaete_chrysosporium_RP-78.fungidb31.rda"
"3.4","FungiDB-31_CneoformansB-3501A","6608","6471","GFF","http://FungiDB.org/common/downloads/Current_Release/CneoformansB-3501A/gff/data/FungiDB-31_CneoformansB-3501A.gff","31","Cryptococcus neoformans var. neoformans B-3501A",283643,TRUE,"FungiDB","Keith Hughitt <khughitt@umd.edu>","Annotation,EuPathDB,Eukaryote,Pathogen,Parasite,Fungus,Fungi","Transcript information for Cryptococcus neoformans var. neoformans B-3501A","FungiDB 31 transcript information for Cryptococcus neoformans var. neoformans B-3501A","GRanges","GRanges","GRanges.Cryptococcus_neoformans_var_neoformans_B-3501A.fungidb31.rda"
"3.4","FungiDB-31_YlipolyticaCLIB122","7733","6543","GFF","http://FungiDB.org/common/downloads/Current_Release/YlipolyticaCLIB122/gff/data/FungiDB-31_YlipolyticaCLIB122.gff","31","Yarrowia lipolytica CLIB122",284591,TRUE,"FungiDB","Keith Hughitt <khughitt@umd.edu>","Annotation,EuPathDB,Eukaryote,Pathogen,Parasite,Fungus,Fungi","Transcript information for Yarrowia lipolytica CLIB122","FungiDB 31 transcript information for Yarrowia lipolytica CLIB122","GRanges","GRanges","GRanges.Yarrowia_lipolytica_CLIB122.fungidb31.rda"
"3.4","FungiDB-31_CglabrataCBS138","5615","5261","GFF","http://FungiDB.org/common/downloads/Current_Release/CglabrataCBS138/gff/data/FungiDB-31_CglabrataCBS138.gff","31","Candida glabrata CBS 138",284593,TRUE,"FungiDB","Keith Hughitt <khughitt@umd.edu>","Annotation,EuPathDB,Eukaryote,Pathogen,Parasite,Fungus,Fungi","Transcript information for Candida glabrata CBS 138","FungiDB 31 transcript information for Candida glabrata CBS 138","GRanges","GRanges","GRanges.Candida_glabrata_CBS_138.fungidb31.rda"
"3.4","FungiDB-31_Spombe972h","6995","5108","GFF","http://FungiDB.org/common/downloads/Current_Release/Spombe972h/gff/data/FungiDB-31_Spombe972h.gff","31","Schizosaccharomyces pombe 972h-",284812,TRUE,"FungiDB","Keith Hughitt <khughitt@umd.edu>","Annotation,EuPathDB,Eukaryote,Pathogen,Parasite,Fungus,Fungi","Transcript information for Schizosaccharomyces pombe 972h-","FungiDB 31 transcript information for Schizosaccharomyces pombe 972h-","GRanges","GRanges","GRanges.Schizosaccharomyces_pombe_972h-.fungidb31.rda"
"3.4","MicrosporidiaDB-31_EcuniculiGBM1","2126","2084","GFF","http://MicrosporidiaDB.org/common/downloads/Current_Release/EcuniculiGBM1/gff/data/MicrosporidiaDB-31_EcuniculiGBM1.gff","31","Encephalitozoon cuniculi GB-M1",284813,TRUE,"MicrosporidiaDB","Keith Hughitt <khughitt@umd.edu>","Annotation,EuPathDB,Eukaryote,Pathogen,Parasite,Microsporidia","Transcript information for Encephalitozoon cuniculi GB-M1","MicrosporidiaDB 31 transcript information for Encephalitozoon cuniculi GB-M1","GRanges","GRanges","GRanges.Encephalitozoon_cuniculi_GB-M1.microsporidiadb31.rda"
"3.4","AmoebaDB-31_EhistolyticaHM1IMSS","8333","8306","GFF","http://AmoebaDB.org/common/downloads/Current_Release/EhistolyticaHM1IMSS/gff/data/AmoebaDB-31_EhistolyticaHM1IMSS.gff","31","Entamoeba histolytica HM-1:IMSS",294381,TRUE,"AmoebaDB","Keith Hughitt <khughitt@umd.edu>","Annotation,EuPathDB,Eukaryote,Pathogen,Parasite,Amoeba","Transcript information for Entamoeba histolytica HM-1:IMSS","AmoebaDB 31 transcript information for Entamoeba histolytica HM-1:IMSS","GRanges","GRanges","GRanges.Entamoeba_histolytica_HM-1:IMSS.amoebadb31.rda"
"3.4","FungiDB-31_CdeuterogattiiR265","6637","6379","GFF","http://FungiDB.org/common/downloads/Current_Release/CdeuterogattiiR265/gff/data/FungiDB-31_CdeuterogattiiR265.gff","31","Cryptococcus deuterogattii R265",294750,TRUE,"FungiDB","Keith Hughitt <khughitt@umd.edu>","Annotation,EuPathDB,Eukaryote,Pathogen,Parasite,Fungus,Fungi","Transcript information for Cryptococcus deuterogattii R265","FungiDB 31 transcript information for Cryptococcus deuterogattii R265","GRanges","GRanges","GRanges.Cryptococcus_deuterogattii_R265.fungidb31.rda"
"3.4","PlasmoDB-31_Pchabaudichabaudi","5364","5216","GFF","http://PlasmoDB.org/common/downloads/Current_Release/Pchabaudichabaudi/gff/data/PlasmoDB-31_Pchabaudichabaudi.gff","31","Plasmodium chabaudi chabaudi",31271,TRUE,"PlasmoDB","Keith Hughitt <khughitt@umd.edu>","Annotation,EuPathDB,Eukaryote,Pathogen,Parasite,Plasmodium","Transcript information for Plasmodium chabaudi chabaudi","PlasmoDB 31 transcript information for Plasmodium chabaudi chabaudi","GRanges","GRanges","GRanges.Plasmodium_chabaudi_chabaudi.plasmodb31.rda"
"3.4","FungiDB-31_AfumigatusAf293","10130","9816","GFF","http://FungiDB.org/common/downloads/Current_Release/AfumigatusAf293/gff/data/FungiDB-31_AfumigatusAf293.gff","31","Aspergillus fumigatus Af293",330879,TRUE,"FungiDB","Keith Hughitt <khughitt@umd.edu>","Annotation,EuPathDB,Eukaryote,Pathogen,Parasite,Fungus,Fungi","Transcript information for Aspergillus fumigatus Af293","FungiDB 31 transcript information for Aspergillus fumigatus Af293","GRanges","GRanges","GRanges.Aspergillus_fumigatus_Af293.fungidb31.rda"
"3.4","FungiDB-31_AfischeriNRRL181","10678","10149","GFF","http://FungiDB.org/common/downloads/Current_Release/AfischeriNRRL181/gff/data/FungiDB-31_AfischeriNRRL181.gff","31","Aspergillus fischeri NRRL 181",331117,TRUE,"FungiDB","Keith Hughitt <khughitt@umd.edu>","Annotation,EuPathDB,Eukaryote,Pathogen,Parasite,Fungus,Fungi","Transcript information for Aspergillus fischeri NRRL 181","FungiDB 31 transcript information for Aspergillus fischeri NRRL 181","GRanges","GRanges","GRanges.Aspergillus_fischeri_NRRL_181.fungidb31.rda"
"3.4","FungiDB-31_BcinereaB05-10","16705","10851","GFF","http://FungiDB.org/common/downloads/Current_Release/BcinereaB05-10/gff/data/FungiDB-31_BcinereaB05-10.gff","31","Botrytis cinerea B05.10",332648,TRUE,"FungiDB","Keith Hughitt <khughitt@umd.edu>","Annotation,EuPathDB,Eukaryote,Pathogen,Parasite,Fungus,Fungi","Transcript information for Botrytis cinerea B05.10","FungiDB 31 transcript information for Botrytis cinerea B05.10","GRanges","GRanges","GRanges.Botrytis_cinerea_B05_10.fungidb31.rda"
"3.4","FungiDB-31_AflavusNRRL3357","13531","12557","GFF","http://FungiDB.org/common/downloads/Current_Release/AflavusNRRL3357/gff/data/FungiDB-31_AflavusNRRL3357.gff","31","Aspergillus flavus NRRL3357",332952,TRUE,"FungiDB","Keith Hughitt <khughitt@umd.edu>","Annotation,EuPathDB,Eukaryote,Pathogen,Parasite,Fungus,Fungi","Transcript information for Aspergillus flavus NRRL3357","FungiDB 31 transcript information for Aspergillus flavus NRRL3357","GRanges","GRanges","GRanges.Aspergillus_flavus_NRRL3357.fungidb31.rda"
"3.4","PiroplasmaDB-31_TparvaMuguga","4167","4030","GFF","http://PiroplasmaDB.org/common/downloads/Current_Release/TparvaMuguga/gff/data/PiroplasmaDB-31_TparvaMuguga.gff","31","Theileria parva strain Muguga",333668,TRUE,"PiroplasmaDB","Keith Hughitt <khughitt@umd.edu>","Annotation,EuPathDB,Eukaryote,Pathogen,Parasite,Piroplasma","Transcript information for Theileria parva strain Muguga","PiroplasmaDB 31 transcript information for Theileria parva strain Muguga","GRanges","GRanges","GRanges.Theileria_parva_strain_Muguga.piroplasmadb31.rda"
"3.4","FungiDB-31_Fverticillioides7600","16240","14620","GFF","http://FungiDB.org/common/downloads/Current_Release/Fverticillioides7600/gff/data/FungiDB-31_Fverticillioides7600.gff","31","Fusarium verticillioides 7600",334819,TRUE,"FungiDB","Keith Hughitt <khughitt@umd.edu>","Annotation,EuPathDB,Eukaryote,Pathogen,Parasite,Fungus,Fungi","Transcript information for Fusarium verticillioides 7600","FungiDB 31 transcript information for Fusarium verticillioides 7600","GRanges","GRanges","GRanges.Fusarium_verticillioides_7600.fungidb31.rda"
"3.4","FungiDB-31_HcapsulatumNAm1","9402","8415","GFF","http://FungiDB.org/common/downloads/Current_Release/HcapsulatumNAm1/gff/data/FungiDB-31_HcapsulatumNAm1.gff","31","Histoplasma capsulatum NAm1",339724,TRUE,"FungiDB","Keith Hughitt <khughitt@umd.edu>","Annotation,EuPathDB,Eukaryote,Pathogen,Parasite,Fungus,Fungi","Transcript information for Histoplasma capsulatum NAm1","FungiDB 31 transcript information for Histoplasma capsulatum NAm1","GRanges","GRanges","GRanges.Histoplasma_capsulatum_NAm1.fungidb31.rda"
"3.4","FungiDB-31_AterreusNIH2624","10551","9904","GFF","http://FungiDB.org/common/downloads/Current_Release/AterreusNIH2624/gff/data/FungiDB-31_AterreusNIH2624.gff","31","Aspergillus terreus NIH2624",341663,TRUE,"FungiDB","Keith Hughitt <khughitt@umd.edu>","Annotation,EuPathDB,Eukaryote,Pathogen,Parasite,Fungus,Fungi","Transcript information for Aspergillus terreus NIH2624","FungiDB 31 transcript information for Aspergillus terreus NIH2624","GRanges","GRanges","GRanges.Aspergillus_terreus_NIH2624.fungidb31.rda"
"3.4","FungiDB-31_AclavatusNRRL1","9428","8852","GFF","http://FungiDB.org/common/downloads/Current_Release/AclavatusNRRL1/gff/data/FungiDB-31_AclavatusNRRL1.gff","31","Aspergillus clavatus NRRL 1",344612,TRUE,"FungiDB","Keith Hughitt <khughitt@umd.edu>","Annotation,EuPathDB,Eukaryote,Pathogen,Parasite,Fungus,Fungi","Transcript information for Aspergillus clavatus NRRL 1","FungiDB 31 transcript information for Aspergillus clavatus NRRL 1","GRanges","GRanges","GRanges.Aspergillus_clavatus_NRRL_1.fungidb31.rda"
"3.4","TriTrypDB-31_LmajorFriedlin","9378","8399","GFF","http://TriTrypDB.org/common/downloads/Current_Release/LmajorFriedlin/gff/data/TriTrypDB-31_LmajorFriedlin.gff","31","Leishmania major strain Friedlin",347515,TRUE,"TriTrypDB","Keith Hughitt <khughitt@umd.edu>","Annotation,EuPathDB,Eukaryote,Pathogen,Parasite,Trypanosome,Kinetoplastid,Leishmania","Transcript information for Leishmania major strain Friedlin","TriTrypDB 31 transcript information for Leishmania major strain Friedlin","GRanges","GRanges","GRanges.Leishmania_major_strain_Friedlin.tritrypdb31.rda"
"3.4","PlasmoDB-31_Pyoeliiyoelii17XNL","7774","7474","GFF","http://PlasmoDB.org/common/downloads/Current_Release/Pyoeliiyoelii17XNL/gff/data/PlasmoDB-31_Pyoeliiyoelii17XNL.gff","31","Plasmodium yoelii yoelii 17XNL",352914,TRUE,"PlasmoDB","Keith Hughitt <khughitt@umd.edu>","Annotation,EuPathDB,Eukaryote,Pathogen,Parasite,Plasmodium","Transcript information for Plasmodium yoelii yoelii 17XNL","PlasmoDB 31 transcript information for Plasmodium yoelii yoelii 17XNL","GRanges","GRanges","GRanges.Plasmodium_yoelii_yoelii_17XNL.plasmodb31.rda"
"3.4","CryptoDB-31_ChominisTU502","3956","3886","GFF","http://CryptoDB.org/common/downloads/Current_Release/ChominisTU502/gff/data/CryptoDB-31_ChominisTU502.gff","31","Cryptosporidium hominis TU502",353151,TRUE,"CryptoDB","Keith Hughitt <khughitt@umd.edu>","Annotation,EuPathDB,Eukaryote,Pathogen,Parasite,Cryptosporidium","Transcript information for Cryptosporidium hominis TU502","CryptoDB 31 transcript information for Cryptosporidium hominis TU502","GRanges","GRanges","GRanges.Cryptosporidium_hominis_TU502.cryptodb31.rda"
"3.4","CryptoDB-31_CparvumIowaII","3886","3805","GFF","http://CryptoDB.org/common/downloads/Current_Release/CparvumIowaII/gff/data/CryptoDB-31_CparvumIowaII.gff","31","Cryptosporidium parvum Iowa II",353152,TRUE,"CryptoDB","Keith Hughitt <khughitt@umd.edu>","Annotation,EuPathDB,Eukaryote,Pathogen,Parasite,Cryptosporidium","Transcript information for Cryptosporidium parvum Iowa II","CryptoDB 31 transcript information for Cryptosporidium parvum Iowa II","GRanges","GRanges","GRanges.Cryptosporidium_parvum_Iowa_II.cryptodb31.rda"
"3.4","TriTrypDB-31_TcruziCLBrener","3397","2108","GFF","http://TriTrypDB.org/common/downloads/Current_Release/TcruziCLBrener/gff/data/TriTrypDB-31_TcruziCLBrener.gff","31","Trypanosoma cruzi strain CL Brener",353153,TRUE,"TriTrypDB","Keith Hughitt <khughitt@umd.edu>","Annotation,EuPathDB,Eukaryote,Pathogen,Parasite,Trypanosome,Kinetoplastid,Leishmania","Transcript information for Trypanosoma cruzi strain CL Brener","TriTrypDB 31 transcript information for Trypanosoma cruzi strain CL Brener","GRanges","GRanges","GRanges.Trypanosoma_cruzi_strain_CL_Brener.tritrypdb31.rda"
"3.4","PiroplasmaDB-31_TannulataAnkara","3845","3796","GFF","http://PiroplasmaDB.org/common/downloads/Current_Release/TannulataAnkara/gff/data/PiroplasmaDB-31_TannulataAnkara.gff","31","Theileria annulata strain Ankara",353154,TRUE,"PiroplasmaDB","Keith Hughitt <khughitt@umd.edu>","Annotation,EuPathDB,Eukaryote,Pathogen,Parasite,Piroplasma","Transcript information for Theileria annulata strain Ankara","PiroplasmaDB 31 transcript information for Theileria annulata strain Ankara","GRanges","GRanges","GRanges.Theileria_annulata_strain_Ankara.piroplasmadb31.rda"
"3.4","PlasmoDB-31_Pfalciparum3D7","5712","5458","GFF","http://PlasmoDB.org/common/downloads/Current_Release/Pfalciparum3D7/gff/data/PlasmoDB-31_Pfalciparum3D7.gff","31","Plasmodium falciparum 3D7",36329,TRUE,"PlasmoDB","Keith Hughitt <khughitt@umd.edu>","Annotation,EuPathDB,Eukaryote,Pathogen,Parasite,Plasmodium","Transcript information for Plasmodium falciparum 3D7","PlasmoDB 31 transcript information for Plasmodium falciparum 3D7","GRanges","GRanges","GRanges.Plasmodium_falciparum_3D7.plasmodb31.rda"
"3.4","FungiDB-31_NcrassaOR74A","10591","9757","GFF","http://FungiDB.org/common/downloads/Current_Release/NcrassaOR74A/gff/data/FungiDB-31_NcrassaOR74A.gff","31","Neurospora crassa OR74A",367110,TRUE,"FungiDB","Keith Hughitt <khughitt@umd.edu>","Annotation,EuPathDB,Eukaryote,Pathogen,Parasite,Fungus,Fungi","Transcript information for Neurospora crassa OR74A","FungiDB 31 transcript information for Neurospora crassa OR74A","GRanges","GRanges","GRanges.Neurospora_crassa_OR74A.fungidb31.rda"
"3.4","FungiDB-31_CgattiiWM276","6724","6356","GFF","http://FungiDB.org/common/downloads/Current_Release/CgattiiWM276/gff/data/FungiDB-31_CgattiiWM276.gff","31","Cryptococcus gattii WM276",367775,TRUE,"FungiDB","Keith Hughitt <khughitt@umd.edu>","Annotation,EuPathDB,Eukaryote,Pathogen,Parasite,Fungus,Fungi","Transcript information for Cryptococcus gattii WM276","FungiDB 31 transcript information for Cryptococcus gattii WM276","GRanges","GRanges","GRanges.Cryptococcus_gattii_WM276.fungidb31.rda"
"3.4","AmoebaDB-31_EdisparSAW760","10262","8748","GFF","http://AmoebaDB.org/common/downloads/Current_Release/EdisparSAW760/gff/data/AmoebaDB-31_EdisparSAW760.gff","31","Entamoeba dispar SAW760",370354,TRUE,"AmoebaDB","Keith Hughitt <khughitt@umd.edu>","Annotation,EuPathDB,Eukaryote,Pathogen,Parasite,Amoeba","Transcript information for Entamoeba dispar SAW760","AmoebaDB 31 transcript information for Entamoeba dispar SAW760","GRanges","GRanges","GRanges.Entamoeba_dispar_SAW760.amoebadb31.rda"
"3.4","AmoebaDB-31_EinvadensIP1","12433","11955","GFF","http://AmoebaDB.org/common/downloads/Current_Release/EinvadensIP1/gff/data/AmoebaDB-31_EinvadensIP1.gff","31","Entamoeba invadens IP1",370355,TRUE,"AmoebaDB","Keith Hughitt <khughitt@umd.edu>","Annotation,EuPathDB,Eukaryote,Pathogen,Parasite,Amoeba","Transcript information for Entamoeba invadens IP1","AmoebaDB 31 transcript information for Entamoeba invadens IP1","GRanges","GRanges","GRanges.Entamoeba_invadens_IP1.amoebadb31.rda"
"3.4","FungiDB-31_AnigerATCC1015","11223","10671","GFF","http://FungiDB.org/common/downloads/Current_Release/AnigerATCC1015/gff/data/FungiDB-31_AnigerATCC1015.gff","31","Aspergillus niger ATCC 1015",380704,TRUE,"FungiDB","Keith Hughitt <khughitt@umd.edu>","Annotation,EuPathDB,Eukaryote,Pathogen,Parasite,Fungus,Fungi","Transcript information for Aspergillus niger ATCC 1015","FungiDB 31 transcript information for Aspergillus niger ATCC 1015","GRanges","GRanges","GRanges.Aspergillus_niger_ATCC_1015.fungidb31.rda"
"3.4","ToxoDB-31_TgondiiRH","63","26","GFF","http://ToxoDB.org/common/downloads/Current_Release/TgondiiRH/gff/data/ToxoDB-31_TgondiiRH.gff","31","Toxoplasma gondii RH",383379,TRUE,"ToxoDB","Keith Hughitt <khughitt@umd.edu>","Annotation,EuPathDB,Eukaryote,Pathogen,Parasite,Toxoplasmosis","Transcript information for Toxoplasma gondii RH","ToxoDB 31 transcript information for Toxoplasma gondii RH","GRanges","GRanges","GRanges.Toxoplasma_gondii_RH.toxodb31.rda"
"3.4","FungiDB-31_CimmitisH538-4","10724","9435","GFF","http://FungiDB.org/common/downloads/Current_Release/CimmitisH538-4/gff/data/FungiDB-31_CimmitisH538-4.gff","31","Coccidioides immitis H538.4",396776,TRUE,"FungiDB","Keith Hughitt <khughitt@umd.edu>","Annotation,EuPathDB,Eukaryote,Pathogen,Parasite,Fungus,Fungi","Transcript information for Coccidioides immitis H538.4","FungiDB 31 transcript information for Coccidioides immitis H538.4","GRanges","GRanges","GRanges.Coccidioides_immitis_H538_4.fungidb31.rda"
"3.4","FungiDB-31_SjaponicusyFS275","5232","4608","GFF","http://FungiDB.org/common/downloads/Current_Release/SjaponicusyFS275/gff/data/FungiDB-31_SjaponicusyFS275.gff","31","Schizosaccharomyces japonicus yFS275",402676,TRUE,"FungiDB","Keith Hughitt <khughitt@umd.edu>","Annotation,EuPathDB,Eukaryote,Pathogen,Parasite,Fungus,Fungi","Transcript information for Schizosaccharomyces japonicus yFS275","FungiDB 31 transcript information for Schizosaccharomyces japonicus yFS275","GRanges","GRanges","GRanges.Schizosaccharomyces_japonicus_yFS275.fungidb31.rda"
"3.4","FungiDB-31_BdendrobatidisJEL423","8897","7310","GFF","http://FungiDB.org/common/downloads/Current_Release/BdendrobatidisJEL423/gff/data/FungiDB-31_BdendrobatidisJEL423.gff","31","Batrachochytrium dendrobatidis JEL423",403673,TRUE,"FungiDB","Keith Hughitt <khughitt@umd.edu>","Annotation,EuPathDB,Eukaryote,Pathogen,Parasite,Fungus,Fungi","Transcript information for Batrachochytrium dendrobatidis JEL423","FungiDB 31 transcript information for Batrachochytrium dendrobatidis JEL423","GRanges","GRanges","GRanges.Batrachochytrium_dendrobatidis_JEL423.fungidb31.rda"
"3.4","FungiDB-31_PinfestansT30-4","19344","17424","GFF","http://FungiDB.org/common/downloads/Current_Release/PinfestansT30-4/gff/data/FungiDB-31_PinfestansT30-4.gff","31","Phytophthora infestans T30-4",403677,TRUE,"FungiDB","Keith Hughitt <khughitt@umd.edu>","Annotation,EuPathDB,Eukaryote,Pathogen,Parasite,Fungus,Fungi","Transcript information for Phytophthora infestans T30-4","FungiDB 31 transcript information for Phytophthora infestans T30-4","GRanges","GRanges","GRanges.Phytophthora_infestans_T30-4.fungidb31.rda"
"3.4","TrichDB-31_TvaginalisG3","98611","97312","GFF","http://TrichDB.org/common/downloads/Current_Release/TvaginalisG3/gff/data/TrichDB-31_TvaginalisG3.gff","31","Trichomonas vaginalis G3",412133,TRUE,"TrichDB","Keith Hughitt <khughitt@umd.edu>","Annotation,EuPathDB,Eukaryote,Pathogen,Parasite,Trichomonas","Transcript information for Trichomonas vaginalis G3","TrichDB 31 transcript information for Trichomonas vaginalis G3","GRanges","GRanges","GRanges.Trichomonas_vaginalis_G3.trichdb31.rda"
"3.4","ToxoDB-31_EtenellaHoughton","8634","7252","GFF","http://ToxoDB.org/common/downloads/Current_Release/EtenellaHoughton/gff/data/ToxoDB-31_EtenellaHoughton.gff","31","Eimeria tenella strain Houghton",413949,TRUE,"ToxoDB","Keith Hughitt <khughitt@umd.edu>","Annotation,EuPathDB,Eukaryote,Pathogen,Parasite,Toxoplasmosis","Transcript information for Eimeria tenella strain Houghton","ToxoDB 31 transcript information for Eimeria tenella strain Houghton","GRanges","GRanges","GRanges.Eimeria_tenella_strain_Houghton.toxodb31.rda"
"3.4","FungiDB-31_PgraminisCRL75-36-700-3","16309","12705","GFF","http://FungiDB.org/common/downloads/Current_Release/PgraminisCRL75-36-700-3/gff/data/FungiDB-31_PgraminisCRL75-36-700-3.gff","31","Puccinia graminis f. sp. tritici CRL 75-36-700-3",418459,TRUE,"FungiDB","Keith Hughitt <khughitt@umd.edu>","Annotation,EuPathDB,Eukaryote,Pathogen,Parasite,Fungus,Fungi","Transcript information for Puccinia graminis f. sp. tritici CRL 75-36-700-3","FungiDB 31 transcript information for Puccinia graminis f. sp. tritici CRL 75-36-700-3","GRanges","GRanges","GRanges.Puccinia_graminis_f_sp_tritici_CRL_75-36-700-3.fungidb31.rda"
"3.4","TriTrypDB-31_LbraziliensisMHOMBR75M2904","8493","8351","GFF","http://TriTrypDB.org/common/downloads/Current_Release/LbraziliensisMHOMBR75M2904/gff/data/TriTrypDB-31_LbraziliensisMHOMBR75M2904.gff","31","Leishmania braziliensis MHOM/BR/75/M2904",420245,TRUE,"TriTrypDB","Keith Hughitt <khughitt@umd.edu>","Annotation,EuPathDB,Eukaryote,Pathogen,Parasite,Trypanosome,Kinetoplastid,Leishmania","Transcript information for Leishmania braziliensis MHOM/BR/75/M2904","TriTrypDB 31 transcript information for Leishmania braziliensis MHOM/BR/75/M2904","GRanges","GRanges","GRanges.Leishmania_braziliensis_MHOM_BR_75_M2904.tritrypdb31.rda"
"3.4","FungiDB-31_AnigerCBS513-88","14403","11168","GFF","http://FungiDB.org/common/downloads/Current_Release/AnigerCBS513-88/gff/data/FungiDB-31_AnigerCBS513-88.gff","31","Aspergillus niger CBS 513.88",425011,TRUE,"FungiDB","Keith Hughitt <khughitt@umd.edu>","Annotation,EuPathDB,Eukaryote,Pathogen,Parasite,Fungus,Fungi","Transcript information for Aspergillus niger CBS 513.88","FungiDB 31 transcript information for Aspergillus niger CBS 513.88","GRanges","GRanges","GRanges.Aspergillus_niger_CBS_513_88.fungidb31.rda"
"3.4","FungiDB-31_MglobosaCBS7966","4369","3886","GFF","http://FungiDB.org/common/downloads/Current_Release/MglobosaCBS7966/gff/data/FungiDB-31_MglobosaCBS7966.gff","31","Malassezia globosa CBS 7966",425265,TRUE,"FungiDB","Keith Hughitt <khughitt@umd.edu>","Annotation,EuPathDB,Eukaryote,Pathogen,Parasite,Fungus,Fungi","Transcript information for Malassezia globosa CBS 7966","FungiDB 31 transcript information for Malassezia globosa CBS 7966","GRanges","GRanges","GRanges.Malassezia_globosa_CBS_7966.fungidb31.rda"
"3.4","FungiDB-31_Foxysporum4287","21354","18843","GFF","http://FungiDB.org/common/downloads/Current_Release/Foxysporum4287/gff/data/FungiDB-31_Foxysporum4287.gff","31","Fusarium oxysporum f. sp. lycopersici 4287",426428,TRUE,"FungiDB","Keith Hughitt <khughitt@umd.edu>","Annotation,EuPathDB,Eukaryote,Pathogen,Parasite,Fungus,Fungi","Transcript information for Fusarium oxysporum f. sp. lycopersici 4287","FungiDB 31 transcript information for Fusarium oxysporum f. sp. lycopersici 4287","GRanges","GRanges","GRanges.Fusarium_oxysporum_f_sp_lycopersici_4287.fungidb31.rda"
"3.4","TriTrypDB-31_TrangeliSC58","7479","7096","GFF","http://TriTrypDB.org/common/downloads/Current_Release/TrangeliSC58/gff/data/TriTrypDB-31_TrangeliSC58.gff","31","Trypanosoma rangeli SC58",429131,TRUE,"TriTrypDB","Keith Hughitt <khughitt@umd.edu>","Annotation,EuPathDB,Eukaryote,Pathogen,Parasite,Trypanosome,Kinetoplastid,Leishmania","Transcript information for Trypanosoma rangeli SC58","TriTrypDB 31 transcript information for Trypanosoma rangeli SC58","GRanges","GRanges","GRanges.Trypanosoma_rangeli_SC58.tritrypdb31.rda"
"3.4","FungiDB-31_TreeseiQM6a","9316","8460","GFF","http://FungiDB.org/common/downloads/Current_Release/TreeseiQM6a/gff/data/FungiDB-31_TreeseiQM6a.gff","31","Trichoderma reesei QM6a",431241,TRUE,"FungiDB","Keith Hughitt <khughitt@umd.edu>","Annotation,EuPathDB,Eukaryote,Pathogen,Parasite,Fungus,Fungi","Transcript information for Trichoderma reesei QM6a","FungiDB 31 transcript information for Trichoderma reesei QM6a","GRanges","GRanges","GRanges.Trichoderma_reesei_QM6a.fungidb31.rda"
"3.4","FungiDB-31_PultimumDAOMBR144","15430","14758","GFF","http://FungiDB.org/common/downloads/Current_Release/PultimumDAOMBR144/gff/data/FungiDB-31_PultimumDAOMBR144.gff","31","Pythium ultimum DAOM BR144",431595,TRUE,"FungiDB","Keith Hughitt <khughitt@umd.edu>","Annotation,EuPathDB,Eukaryote,Pathogen,Parasite,Fungus,Fungi","Transcript information for Pythium ultimum DAOM BR144","FungiDB 31 transcript information for Pythium ultimum DAOM BR144","GRanges","GRanges","GRanges.Pythium_ultimum_DAOM_BR144.fungidb31.rda"
"3.4","ToxoDB-31_TgondiiVEG","8563","8378","GFF","http://ToxoDB.org/common/downloads/Current_Release/TgondiiVEG/gff/data/ToxoDB-31_TgondiiVEG.gff","31","Toxoplasma gondii VEG",432359,TRUE,"ToxoDB","Keith Hughitt <khughitt@umd.edu>","Annotation,EuPathDB,Eukaryote,Pathogen,Parasite,Toxoplasmosis","Transcript information for Toxoplasma gondii VEG","ToxoDB 31 transcript information for Toxoplasma gondii VEG","GRanges","GRanges","GRanges.Toxoplasma_gondii_VEG.toxodb31.rda"
"3.4","TriTrypDB-31_LinfantumJPCM5","8378","8233","GFF","http://TriTrypDB.org/common/downloads/Current_Release/LinfantumJPCM5/gff/data/TriTrypDB-31_LinfantumJPCM5.gff","31","Leishmania infantum JPCM5",435258,TRUE,"TriTrypDB","Keith Hughitt <khughitt@umd.edu>","Annotation,EuPathDB,Eukaryote,Pathogen,Parasite,Trypanosome,Kinetoplastid,Leishmania","Transcript information for Leishmania infantum JPCM5","TriTrypDB 31 transcript information for Leishmania infantum JPCM5","GRanges","GRanges","GRanges.Leishmania_infantum_JPCM5.tritrypdb31.rda"
"3.4","CryptoDB-31_CmurisRN66","3981","3937","GFF","http://CryptoDB.org/common/downloads/Current_Release/CmurisRN66/gff/data/CryptoDB-31_CmurisRN66.gff","31","Cryptosporidium muris RN66",441375,TRUE,"CryptoDB","Keith Hughitt <khughitt@umd.edu>","Annotation,EuPathDB,Eukaryote,Pathogen,Parasite,Cryptosporidium","Transcript information for Cryptosporidium muris RN66","CryptoDB 31 transcript information for Cryptosporidium muris RN66","GRanges","GRanges","GRanges.Cryptosporidium_muris_RN66.cryptodb31.rda"
"3.4","FungiDB-31_TstipitatusATCC10500","12629","11948","GFF","http://FungiDB.org/common/downloads/Current_Release/TstipitatusATCC10500/gff/data/FungiDB-31_TstipitatusATCC10500.gff","31","Talaromyces stipitatus ATCC 10500",441959,TRUE,"FungiDB","Keith Hughitt <khughitt@umd.edu>","Annotation,EuPathDB,Eukaryote,Pathogen,Parasite,Fungus,Fungi","Transcript information for Talaromyces stipitatus ATCC 10500","FungiDB 31 transcript information for Talaromyces stipitatus ATCC 10500","GRanges","GRanges","GRanges.Talaromyces_stipitatus_ATCC_10500.fungidb31.rda"
"3.4","FungiDB-31_TmarneffeiATCC18224","10194","9741","GFF","http://FungiDB.org/common/downloads/Current_Release/TmarneffeiATCC18224/gff/data/FungiDB-31_TmarneffeiATCC18224.gff","31","Talaromyces marneffei ATCC 18224",441960,TRUE,"FungiDB","Keith Hughitt <khughitt@umd.edu>","Annotation,EuPathDB,Eukaryote,Pathogen,Parasite,Fungus,Fungi","Transcript information for Talaromyces marneffei ATCC 18224","FungiDB 31 transcript information for Talaromyces marneffei ATCC 18224","GRanges","GRanges","GRanges.Talaromyces_marneffei_ATCC_18224.fungidb31.rda"
"3.4","FungiDB-31_CposadasiiSilveira","10379","9373","GFF","http://FungiDB.org/common/downloads/Current_Release/CposadasiiSilveira/gff/data/FungiDB-31_CposadasiiSilveira.gff","31","Coccidioides posadasii str. Silveira",443226,TRUE,"FungiDB","Keith Hughitt <khughitt@umd.edu>","Annotation,EuPathDB,Eukaryote,Pathogen,Parasite,Fungus,Fungi","Transcript information for Coccidioides posadasii str. Silveira","FungiDB 31 transcript information for Coccidioides posadasii str. Silveira","GRanges","GRanges","GRanges.Coccidioides_posadasii_str_Silveira.fungidb31.rda"
"3.4","FungiDB-31_HcapsulatumG186AR","9364","7544","GFF","http://FungiDB.org/common/downloads/Current_Release/HcapsulatumG186AR/gff/data/FungiDB-31_HcapsulatumG186AR.gff","31","Histoplasma capsulatum G186AR",447093,TRUE,"FungiDB","Keith Hughitt <khughitt@umd.edu>","Annotation,EuPathDB,Eukaryote,Pathogen,Parasite,Fungus,Fungi","Transcript information for Histoplasma capsulatum G186AR","FungiDB 31 transcript information for Histoplasma capsulatum G186AR","GRanges","GRanges","GRanges.Histoplasma_capsulatum_G186AR.fungidb31.rda"
"3.4","FungiDB-31_CposadasiiRMSCC3488","10016","9897","GFF","http://FungiDB.org/common/downloads/Current_Release/CposadasiiRMSCC3488/gff/data/FungiDB-31_CposadasiiRMSCC3488.gff","31","Coccidioides posadasii RMSCC 3488",454284,TRUE,"FungiDB","Keith Hughitt <khughitt@umd.edu>","Annotation,EuPathDB,Eukaryote,Pathogen,Parasite,Fungus,Fungi","Transcript information for Coccidioides posadasii RMSCC 3488","FungiDB 31 transcript information for Coccidioides posadasii RMSCC 3488","GRanges","GRanges","GRanges.Coccidioides_posadasii_RMSCC_3488.fungidb31.rda"
"3.4","MicrosporidiaDB-31_EbieneusiH348","3806","3629","GFF","http://MicrosporidiaDB.org/common/downloads/Current_Release/EbieneusiH348/gff/data/MicrosporidiaDB-31_EbieneusiH348.gff","31","Enterocytozoon bieneusi H348",481877,TRUE,"MicrosporidiaDB","Keith Hughitt <khughitt@umd.edu>","Annotation,EuPathDB,Eukaryote,Pathogen,Parasite,Microsporidia","Transcript information for Enterocytozoon bieneusi H348","MicrosporidiaDB 31 transcript information for Enterocytozoon bieneusi H348","GRanges","GRanges","GRanges.Enterocytozoon_bieneusi_H348.microsporidiadb31.rda"
"3.4","FungiDB-31_PbrasiliensisPb03","8548","7975","GFF","http://FungiDB.org/common/downloads/Current_Release/PbrasiliensisPb03/gff/data/FungiDB-31_PbrasiliensisPb03.gff","31","Paracoccidioides brasiliensis Pb03",482561,TRUE,"FungiDB","Keith Hughitt <khughitt@umd.edu>","Annotation,EuPathDB,Eukaryote,Pathogen,Parasite,Fungus,Fungi","Transcript information for Paracoccidioides brasiliensis Pb03","FungiDB 31 transcript information for Paracoccidioides brasiliensis Pb03","GRanges","GRanges","GRanges.Paracoccidioides_brasiliensis_Pb03.fungidb31.rda"
"3.4","FungiDB-31_SoctosporusyFS286","5355","4869","GFF","http://FungiDB.org/common/downloads/Current_Release/SoctosporusyFS286/gff/data/FungiDB-31_SoctosporusyFS286.gff","31","Schizosaccharomyces octosporus yFS286",483514,TRUE,"FungiDB","Keith Hughitt <khughitt@umd.edu>","Annotation,EuPathDB,Eukaryote,Pathogen,Parasite,Fungus,Fungi","Transcript information for Schizosaccharomyces octosporus yFS286","FungiDB 31 transcript information for Schizosaccharomyces octosporus yFS286","GRanges","GRanges","GRanges.Schizosaccharomyces_octosporus_yFS286.fungidb31.rda"
"3.4","PiroplasmaDB-31_BbovisT2Bo","3781","3706","GFF","http://PiroplasmaDB.org/common/downloads/Current_Release/BbovisT2Bo/gff/data/PiroplasmaDB-31_BbovisT2Bo.gff","31","Babesia bovis T2Bo",484906,TRUE,"PiroplasmaDB","Keith Hughitt <khughitt@umd.edu>","Annotation,EuPathDB,Eukaryote,Pathogen,Parasite,Piroplasma","Transcript information for Babesia bovis T2Bo","PiroplasmaDB 31 transcript information for Babesia bovis T2Bo","GRanges","GRanges","GRanges.Babesia_bovis_T2Bo.piroplasmadb31.rda"
"3.4","FungiDB-31_PlutziiPb01","8953","7734","GFF","http://FungiDB.org/common/downloads/Current_Release/PlutziiPb01/gff/data/FungiDB-31_PlutziiPb01.gff","31","Paracoccidioides lutzii Pb01",502779,TRUE,"FungiDB","Keith Hughitt <khughitt@umd.edu>","Annotation,EuPathDB,Eukaryote,Pathogen,Parasite,Fungus,Fungi","Transcript information for Paracoccidioides lutzii Pb01","FungiDB 31 transcript information for Paracoccidioides lutzii Pb01","GRanges","GRanges","GRanges.Paracoccidioides_lutzii_Pb01.fungidb31.rda"
"3.4","FungiDB-31_PbrasiliensisPb18","8522","7958","GFF","http://FungiDB.org/common/downloads/Current_Release/PbrasiliensisPb18/gff/data/FungiDB-31_PbrasiliensisPb18.gff","31","Paracoccidioides brasiliensis Pb18",502780,TRUE,"FungiDB","Keith Hughitt <khughitt@umd.edu>","Annotation,EuPathDB,Eukaryote,Pathogen,Parasite,Fungus,Fungi","Transcript information for Paracoccidioides brasiliensis Pb18","FungiDB 31 transcript information for Paracoccidioides brasiliensis Pb18","GRanges","GRanges","GRanges.Paracoccidioides_brasiliensis_Pb18.fungidb31.rda"
"3.4","ToxoDB-31_TgondiiGT1","8637","8423","GFF","http://ToxoDB.org/common/downloads/Current_Release/TgondiiGT1/gff/data/ToxoDB-31_TgondiiGT1.gff","31","Toxoplasma gondii GT1",507601,TRUE,"ToxoDB","Keith Hughitt <khughitt@umd.edu>","Annotation,EuPathDB,Eukaryote,Pathogen,Parasite,Toxoplasmosis","Transcript information for Toxoplasma gondii GT1","ToxoDB 31 transcript information for Toxoplasma gondii GT1","GRanges","GRanges","GRanges.Toxoplasma_gondii_GT1.toxodb31.rda"
"3.4","ToxoDB-31_TgondiiME49","8920","8315","GFF","http://ToxoDB.org/common/downloads/Current_Release/TgondiiME49/gff/data/ToxoDB-31_TgondiiME49.gff","31","Toxoplasma gondii ME49",508771,TRUE,"ToxoDB","Keith Hughitt <khughitt@umd.edu>","Annotation,EuPathDB,Eukaryote,Pathogen,Parasite,Toxoplasmosis","Transcript information for Toxoplasma gondii ME49","ToxoDB 31 transcript information for Toxoplasma gondii ME49","GRanges","GRanges","GRanges.Toxoplasma_gondii_ME49.toxodb31.rda"
"3.4","FungiDB-31_AoryzaeRIB40","12364","12056","GFF","http://FungiDB.org/common/downloads/Current_Release/AoryzaeRIB40/gff/data/FungiDB-31_AoryzaeRIB40.gff","31","Aspergillus oryzae RIB40",510516,TRUE,"FungiDB","Keith Hughitt <khughitt@umd.edu>","Annotation,EuPathDB,Eukaryote,Pathogen,Parasite,Fungus,Fungi","Transcript information for Aspergillus oryzae RIB40","FungiDB 31 transcript information for Aspergillus oryzae RIB40","GRanges","GRanges","GRanges.Aspergillus_oryzae_RIB40.fungidb31.rda"
"3.4","FungiDB-31_NtetraspermaFGSC2508","10777","9230","GFF","http://FungiDB.org/common/downloads/Current_Release/NtetraspermaFGSC2508/gff/data/FungiDB-31_NtetraspermaFGSC2508.gff","31","Neurospora tetrasperma FGSC 2508",510951,TRUE,"FungiDB","Keith Hughitt <khughitt@umd.edu>","Annotation,EuPathDB,Eukaryote,Pathogen,Parasite,Fungus,Fungi","Transcript information for Neurospora tetrasperma FGSC 2508","FungiDB 31 transcript information for Neurospora tetrasperma FGSC 2508","GRanges","GRanges","GRanges.Neurospora_tetrasperma_FGSC_2508.fungidb31.rda"
"3.4","FungiDB-31_NdiscretaFGSC8579","10345","8640","GFF","http://FungiDB.org/common/downloads/Current_Release/NdiscretaFGSC8579/gff/data/FungiDB-31_NdiscretaFGSC8579.gff","31","Neurospora discreta FGSC 8579",510953,TRUE,"FungiDB","Keith Hughitt <khughitt@umd.edu>","Annotation,EuPathDB,Eukaryote,Pathogen,Parasite,Fungus,Fungi","Transcript information for Neurospora discreta FGSC 8579","FungiDB 31 transcript information for Neurospora discreta FGSC 8579","GRanges","GRanges","GRanges.Neurospora_discreta_FGSC_8579.fungidb31.rda"
"3.4","FungiDB-31_ScerevisiaeS288c","6350","5892","GFF","http://FungiDB.org/common/downloads/Current_Release/ScerevisiaeS288c/gff/data/FungiDB-31_ScerevisiaeS288c.gff","31","Saccharomyces cerevisiae S288c",559292,TRUE,"FungiDB","Keith Hughitt <khughitt@umd.edu>","Annotation,EuPathDB,Eukaryote,Pathogen,Parasite,Fungus,Fungi","Transcript information for Saccharomyces cerevisiae S288c","FungiDB 31 transcript information for Saccharomyces cerevisiae S288c","GRanges","GRanges","GRanges.Saccharomyces_cerevisiae_S288c.fungidb31.rda"
"3.4","FungiDB-31_HarabidopsidisEmoy2","14267","11065","GFF","http://FungiDB.org/common/downloads/Current_Release/HarabidopsidisEmoy2/gff/data/FungiDB-31_HarabidopsidisEmoy2.gff","31","Hyaloperonospora arabidopsidis Emoy2",559515,TRUE,"FungiDB","Keith Hughitt <khughitt@umd.edu>","Annotation,EuPathDB,Eukaryote,Pathogen,Parasite,Fungus,Fungi","Transcript information for Hyaloperonospora arabidopsidis Emoy2","FungiDB 31 transcript information for Hyaloperonospora arabidopsidis Emoy2","GRanges","GRanges","GRanges.Hyaloperonospora_arabidopsidis_Emoy2.fungidb31.rda"
"3.4","ToxoDB-31_NcaninumLIV","7266","7112","GFF","http://ToxoDB.org/common/downloads/Current_Release/NcaninumLIV/gff/data/ToxoDB-31_NcaninumLIV.gff","31","Neospora caninum Liverpool",572307,TRUE,"ToxoDB","Keith Hughitt <khughitt@umd.edu>","Annotation,EuPathDB,Eukaryote,Pathogen,Parasite,Toxoplasmosis","Transcript information for Neospora caninum Liverpool","ToxoDB 31 transcript information for Neospora caninum Liverpool","GRanges","GRanges","GRanges.Neospora_caninum_Liverpool.toxodb31.rda"
"3.4","FungiDB-31_TmesentericaDSM1558","8355","6700","GFF","http://FungiDB.org/common/downloads/Current_Release/TmesentericaDSM1558/gff/data/FungiDB-31_TmesentericaDSM1558.gff","31","Tremella mesenterica DSM 1558",578456,TRUE,"FungiDB","Keith Hughitt <khughitt@umd.edu>","Annotation,EuPathDB,Eukaryote,Pathogen,Parasite,Fungus,Fungi","Transcript information for Tremella mesenterica DSM 1558","FungiDB 31 transcript information for Tremella mesenterica DSM 1558","GRanges","GRanges","GRanges.Tremella_mesenterica_DSM_1558.fungidb31.rda"
"3.4","MicrosporidiaDB-31_NceranaeBRL01","2678","2160","GFF","http://MicrosporidiaDB.org/common/downloads/Current_Release/NceranaeBRL01/gff/data/MicrosporidiaDB-31_NceranaeBRL01.gff","31","Nosema ceranae BRL01",578460,TRUE,"MicrosporidiaDB","Keith Hughitt <khughitt@umd.edu>","Annotation,EuPathDB,Eukaryote,Pathogen,Parasite,Microsporidia","Transcript information for Nosema ceranae BRL01","MicrosporidiaDB 31 transcript information for Nosema ceranae BRL01","GRanges","GRanges","GRanges.Nosema_ceranae_BRL01.microsporidiadb31.rda"
"3.4","MicrosporidiaDB-31_NbombycisCQ1","4643","3843","GFF","http://MicrosporidiaDB.org/common/downloads/Current_Release/NbombycisCQ1/gff/data/MicrosporidiaDB-31_NbombycisCQ1.gff","31","Nosema bombycis CQ1",578461,TRUE,"MicrosporidiaDB","Keith Hughitt <khughitt@umd.edu>","Annotation,EuPathDB,Eukaryote,Pathogen,Parasite,Microsporidia","Transcript information for Nosema bombycis CQ1","MicrosporidiaDB 31 transcript information for Nosema bombycis CQ1","GRanges","GRanges","GRanges.Nosema_bombycis_CQ1.microsporidiadb31.rda"
"3.4","FungiDB-31_AmacrogynusATCC38327","19333","16857","GFF","http://FungiDB.org/common/downloads/Current_Release/AmacrogynusATCC38327/gff/data/FungiDB-31_AmacrogynusATCC38327.gff","31","Allomyces macrogynus ATCC 38327",578462,TRUE,"FungiDB","Keith Hughitt <khughitt@umd.edu>","Annotation,EuPathDB,Eukaryote,Pathogen,Parasite,Fungus,Fungi","Transcript information for Allomyces macrogynus ATCC 38327","FungiDB 31 transcript information for Allomyces macrogynus ATCC 38327","GRanges","GRanges","GRanges.Allomyces_macrogynus_ATCC_38327.fungidb31.rda"
"3.4","PlasmoDB-31_PbergheiANKA","5246","5068","GFF","http://PlasmoDB.org/common/downloads/Current_Release/PbergheiANKA/gff/data/PlasmoDB-31_PbergheiANKA.gff","31","Plasmodium berghei ANKA",5823,TRUE,"PlasmoDB","Keith Hughitt <khughitt@umd.edu>","Annotation,EuPathDB,Eukaryote,Pathogen,Parasite,Plasmodium","Transcript information for Plasmodium berghei ANKA","PlasmoDB 31 transcript information for Plasmodium berghei ANKA","GRanges","GRanges","GRanges.Plasmodium_berghei_ANKA.plasmodb31.rda"
"3.4","PlasmoDB-31_PknowlesiH","5483","5315","GFF","http://PlasmoDB.org/common/downloads/Current_Release/PknowlesiH/gff/data/PlasmoDB-31_PknowlesiH.gff","31","Plasmodium knowlesi strain H",5851,TRUE,"PlasmoDB","Keith Hughitt <khughitt@umd.edu>","Annotation,EuPathDB,Eukaryote,Pathogen,Parasite,Plasmodium","Transcript information for Plasmodium knowlesi strain H","PlasmoDB 31 transcript information for Plasmodium knowlesi strain H","GRanges","GRanges","GRanges.Plasmodium_knowlesi_strain_H.plasmodb31.rda"
"3.4","GiardiaDB-31_GintestinalisAssemblageBGS","4562","4470","GFF","http://GiardiaDB.org/common/downloads/Current_Release/GintestinalisAssemblageBGS/gff/data/GiardiaDB-31_GintestinalisAssemblageBGS.gff","31","Giardia Assemblage B isolate GS",598745,TRUE,"GiardiaDB","Keith Hughitt <khughitt@umd.edu>","Annotation,EuPathDB,Eukaryote,Pathogen,Parasite,Giardia","Transcript information for Giardia Assemblage B isolate GS","GiardiaDB 31 transcript information for Giardia Assemblage B isolate GS","GRanges","GRanges","GRanges.Giardia_Assemblage_B_isolate_GS.giardiadb31.rda"
"3.4","FungiDB-31_AcarbonariusITEM5010","11887","10926","GFF","http://FungiDB.org/common/downloads/Current_Release/AcarbonariusITEM5010/gff/data/FungiDB-31_AcarbonariusITEM5010.gff","31","Aspergillus carbonarius ITEM 5010",602072,TRUE,"FungiDB","Keith Hughitt <khughitt@umd.edu>","Annotation,EuPathDB,Eukaryote,Pathogen,Parasite,Fungus,Fungi","Transcript information for Aspergillus carbonarius ITEM 5010","FungiDB 31 transcript information for Aspergillus carbonarius ITEM 5010","GRanges","GRanges","GRanges.Aspergillus_carbonarius_ITEM_5010.fungidb31.rda"
"3.4","FungiDB-31_SpunctatusDAOMBR117","9169","7468","GFF","http://FungiDB.org/common/downloads/Current_Release/SpunctatusDAOMBR117/gff/data/FungiDB-31_SpunctatusDAOMBR117.gff","31","Spizellomyces punctatus DAOM BR117",645134,TRUE,"FungiDB","Keith Hughitt <khughitt@umd.edu>","Annotation,EuPathDB,Eukaryote,Pathogen,Parasite,Fungus,Fungi","Transcript information for Spizellomyces punctatus DAOM BR117","FungiDB 31 transcript information for Spizellomyces punctatus DAOM BR117","GRanges","GRanges","GRanges.Spizellomyces_punctatus_DAOM_BR117.fungidb31.rda"
"3.4","GiardiaDB-31_GintestinalisAssemblageEP15","5159","5065","GFF","http://GiardiaDB.org/common/downloads/Current_Release/GintestinalisAssemblageEP15/gff/data/GiardiaDB-31_GintestinalisAssemblageEP15.gff","31","Giardia Assemblage E isolate P15",658858,TRUE,"GiardiaDB","Keith Hughitt <khughitt@umd.edu>","Annotation,EuPathDB,Eukaryote,Pathogen,Parasite,Giardia","Transcript information for Giardia Assemblage E isolate P15","GiardiaDB 31 transcript information for Giardia Assemblage E isolate P15","GRanges","GRanges","GRanges.Giardia_Assemblage_E_isolate_P15.giardiadb31.rda"
"3.4","FungiDB-31_Ssclerotiorum1980UF-70","14715","10167","GFF","http://FungiDB.org/common/downloads/Current_Release/Ssclerotiorum1980UF-70/gff/data/FungiDB-31_Ssclerotiorum1980UF-70.gff","31","Sclerotinia sclerotiorum 1980 UF-70",665079,TRUE,"FungiDB","Keith Hughitt <khughitt@umd.edu>","Annotation,EuPathDB,Eukaryote,Pathogen,Parasite,Fungus,Fungi","Transcript information for Sclerotinia sclerotiorum 1980 UF-70","FungiDB 31 transcript information for Sclerotinia sclerotiorum 1980 UF-70","GRanges","GRanges","GRanges.Sclerotinia_sclerotiorum_1980_UF-70.fungidb31.rda"
"3.4","TriTrypDB-31_TbruceigambienseDAL972","8082","7988","GFF","http://TriTrypDB.org/common/downloads/Current_Release/TbruceigambienseDAL972/gff/data/TriTrypDB-31_TbruceigambienseDAL972.gff","31","Trypanosoma brucei gambiense DAL972",679716,TRUE,"TriTrypDB","Keith Hughitt <khughitt@umd.edu>","Annotation,EuPathDB,Eukaryote,Pathogen,Parasite,Trypanosome,Kinetoplastid,Leishmania","Transcript information for Trypanosoma brucei gambiense DAL972","TriTrypDB 31 transcript information for Trypanosoma brucei gambiense DAL972","GRanges","GRanges","GRanges.Trypanosoma_brucei_gambiense_DAL972.tritrypdb31.rda"
"3.4","FungiDB-31_AaculeatusATCC16872","11150","10292","GFF","http://FungiDB.org/common/downloads/Current_Release/AaculeatusATCC16872/gff/data/FungiDB-31_AaculeatusATCC16872.gff","31","Aspergillus aculeatus ATCC 16872",690307,TRUE,"FungiDB","Keith Hughitt <khughitt@umd.edu>","Annotation,EuPathDB,Eukaryote,Pathogen,Parasite,Fungus,Fungi","Transcript information for Aspergillus aculeatus ATCC 16872","FungiDB 31 transcript information for Aspergillus aculeatus ATCC 16872","GRanges","GRanges","GRanges.Aspergillus_aculeatus_ATCC_16872.fungidb31.rda"
"3.4","FungiDB-31_SparasiticaCBS223-65","20435","19044","GFF","http://FungiDB.org/common/downloads/Current_Release/SparasiticaCBS223-65/gff/data/FungiDB-31_SparasiticaCBS223-65.gff","31","Saprolegnia parasitica CBS 223.65",695850,TRUE,"FungiDB","Keith Hughitt <khughitt@umd.edu>","Annotation,EuPathDB,Eukaryote,Pathogen,Parasite,Fungus,Fungi","Transcript information for Saprolegnia parasitica CBS 223.65","FungiDB 31 transcript information for Saprolegnia parasitica CBS 223.65","GRanges","GRanges","GRanges.Saprolegnia_parasitica_CBS_223_65.fungidb31.rda"
"3.4","FungiDB-31_Mlarici-populina98AG31","16615","13967","GFF","http://FungiDB.org/common/downloads/Current_Release/Mlarici-populina98AG31/gff/data/FungiDB-31_Mlarici-populina98AG31.gff","31","Melampsora larici-populina 98AG31",747676,TRUE,"FungiDB","Keith Hughitt <khughitt@umd.edu>","Annotation,EuPathDB,Eukaryote,Pathogen,Parasite,Fungus,Fungi","Transcript information for Melampsora larici-populina 98AG31","FungiDB 31 transcript information for Melampsora larici-populina 98AG31","GRanges","GRanges","GRanges.Melampsora_larici-populina_98AG31.fungidb31.rda"
"3.4","FungiDB-31_McircinelloidesCBS277-49","11956","10639","GFF","http://FungiDB.org/common/downloads/Current_Release/McircinelloidesCBS277-49/gff/data/FungiDB-31_McircinelloidesCBS277-49.gff","31","Mucor circinelloides f. lusitanicus CBS 277.49",747725,TRUE,"FungiDB","Keith Hughitt <khughitt@umd.edu>","Annotation,EuPathDB,Eukaryote,Pathogen,Parasite,Fungus,Fungi","Transcript information for Mucor circinelloides f. lusitanicus CBS 277.49","FungiDB 31 transcript information for Mucor circinelloides f. lusitanicus CBS 277.49","GRanges","GRanges","GRanges.Mucor_circinelloides_f_lusitanicus_CBS_277_49.fungidb31.rda"
"3.4","FungiDB-31_PparasiticaINRA-310","23240","20166","GFF","http://FungiDB.org/common/downloads/Current_Release/PparasiticaINRA-310/gff/data/FungiDB-31_PparasiticaINRA-310.gff","31","Phytophthora parasitica INRA-310",761204,TRUE,"FungiDB","Keith Hughitt <khughitt@umd.edu>","Annotation,EuPathDB,Eukaryote,Pathogen,Parasite,Fungus,Fungi","Transcript information for Phytophthora parasitica INRA-310","FungiDB 31 transcript information for Phytophthora parasitica INRA-310","GRanges","GRanges","GRanges.Phytophthora_parasitica_INRA-310.fungidb31.rda"
"3.4","FungiDB-31_PblakesleeanusNRRL1555","16837","14547","GFF","http://FungiDB.org/common/downloads/Current_Release/PblakesleeanusNRRL1555/gff/data/FungiDB-31_PblakesleeanusNRRL1555.gff","31","Phycomyces blakesleeanus NRRL 1555(-)",763407,TRUE,"FungiDB","Keith Hughitt <khughitt@umd.edu>","Annotation,EuPathDB,Eukaryote,Pathogen,Parasite,Fungus,Fungi","Transcript information for Phycomyces blakesleeanus NRRL 1555(-)","FungiDB 31 transcript information for Phycomyces blakesleeanus NRRL 1555(-)","GRanges","GRanges","GRanges.Phycomyces_blakesleeanus_NRRL_1555(-).fungidb31.rda"
"3.4","FungiDB-31_PcapsiciLT1534","20361","19386","GFF","http://FungiDB.org/common/downloads/Current_Release/PcapsiciLT1534/gff/data/FungiDB-31_PcapsiciLT1534.gff","31","Phytophthora capsici LT1534",763924,TRUE,"FungiDB","Keith Hughitt <khughitt@umd.edu>","Annotation,EuPathDB,Eukaryote,Pathogen,Parasite,Fungus,Fungi","Transcript information for Phytophthora capsici LT1534","FungiDB 31 transcript information for Phytophthora capsici LT1534","GRanges","GRanges","GRanges.Phytophthora_capsici_LT1534.fungidb31.rda"
"3.4","FungiDB-31_Smacrosporak-hell","11311","9960","GFF","http://FungiDB.org/common/downloads/Current_Release/Smacrosporak-hell/gff/data/FungiDB-31_Smacrosporak-hell.gff","31","Sordaria macrospora k-hell",771870,TRUE,"FungiDB","Keith Hughitt <khughitt@umd.edu>","Annotation,EuPathDB,Eukaryote,Pathogen,Parasite,Fungus,Fungi","Transcript information for Sordaria macrospora k-hell","FungiDB 31 transcript information for Sordaria macrospora k-hell","GRanges","GRanges","GRanges.Sordaria_macrospora_k-hell.fungidb31.rda"
"3.4","TriTrypDB-31_LmajorLV39c5","9101","8925","GFF","http://TriTrypDB.org/common/downloads/Current_Release/LmajorLV39c5/gff/data/TriTrypDB-31_LmajorLV39c5.gff","31","Leishmania major strain LV39c5",860569,TRUE,"TriTrypDB","Keith Hughitt <khughitt@umd.edu>","Annotation,EuPathDB,Eukaryote,Pathogen,Parasite,Trypanosome,Kinetoplastid,Leishmania","Transcript information for Leishmania major strain LV39c5","TriTrypDB 31 transcript information for Leishmania major strain LV39c5","GRanges","GRanges","GRanges.Leishmania_major_strain_LV39c5.tritrypdb31.rda"
"3.4","TriTrypDB-31_LmajorSD75.1","8931","8785","GFF","http://TriTrypDB.org/common/downloads/Current_Release/LmajorSD75.1/gff/data/TriTrypDB-31_LmajorSD75.1.gff","31","Leishmania major strain SD 75.1",860570,TRUE,"TriTrypDB","Keith Hughitt <khughitt@umd.edu>","Annotation,EuPathDB,Eukaryote,Pathogen,Parasite,Trypanosome,Kinetoplastid,Leishmania","Transcript information for Leishmania major strain SD 75.1","TriTrypDB 31 transcript information for Leishmania major strain SD 75.1","GRanges","GRanges","GRanges.Leishmania_major_strain_SD_75_1.tritrypdb31.rda"
"3.4","PiroplasmaDB-31_TorientalisShintoku","4058","3616","GFF","http://PiroplasmaDB.org/common/downloads/Current_Release/TorientalisShintoku/gff/data/PiroplasmaDB-31_TorientalisShintoku.gff","31","Theileria orientalis strain Shintoku",869250,TRUE,"PiroplasmaDB","Keith Hughitt <khughitt@umd.edu>","Annotation,EuPathDB,Eukaryote,Pathogen,Parasite,Piroplasma","Transcript information for Theileria orientalis strain Shintoku","PiroplasmaDB 31 transcript information for Theileria orientalis strain Shintoku","GRanges","GRanges","GRanges.Theileria_orientalis_strain_Shintoku.piroplasmadb31.rda"
"3.4","MicrosporidiaDB-31_EintestinalisATCC50506","2011","1908","GFF","http://MicrosporidiaDB.org/common/downloads/Current_Release/EintestinalisATCC50506/gff/data/MicrosporidiaDB-31_EintestinalisATCC50506.gff","31","Encephalitozoon intestinalis ATCC 50506",876142,TRUE,"MicrosporidiaDB","Keith Hughitt <khughitt@umd.edu>","Annotation,EuPathDB,Eukaryote,Pathogen,Parasite,Microsporidia","Transcript information for Encephalitozoon intestinalis ATCC 50506","MicrosporidiaDB 31 transcript information for Encephalitozoon intestinalis ATCC 50506","GRanges","GRanges","GRanges.Encephalitozoon_intestinalis_ATCC_50506.microsporidiadb31.rda"
"3.4","MicrosporidiaDB-31_NparisiiERTm1","2724","2632","GFF","http://MicrosporidiaDB.org/common/downloads/Current_Release/NparisiiERTm1/gff/data/MicrosporidiaDB-31_NparisiiERTm1.gff","31","Nematocida parisii ERTm1",881290,TRUE,"MicrosporidiaDB","Keith Hughitt <khughitt@umd.edu>","Annotation,EuPathDB,Eukaryote,Pathogen,Parasite,Microsporidia","Transcript information for Nematocida parisii ERTm1","MicrosporidiaDB 31 transcript information for Nematocida parisii ERTm1","GRanges","GRanges","GRanges.Nematocida_parisii_ERTm1.microsporidiadb31.rda"
"3.4","AmoebaDB-31_EhistolyticaKU27","7469","7415","GFF","http://AmoebaDB.org/common/downloads/Current_Release/EhistolyticaKU27/gff/data/AmoebaDB-31_EhistolyticaKU27.gff","31","Entamoeba histolytica KU27",885311,TRUE,"AmoebaDB","Keith Hughitt <khughitt@umd.edu>","Annotation,EuPathDB,Eukaryote,Pathogen,Parasite,Amoeba","Transcript information for Entamoeba histolytica KU27","AmoebaDB 31 transcript information for Entamoeba histolytica KU27","GRanges","GRanges","GRanges.Entamoeba_histolytica_KU27.amoebadb31.rda"
"3.4","AmoebaDB-31_EhistolyticaHM3IMSS","7362","7158","GFF","http://AmoebaDB.org/common/downloads/Current_Release/EhistolyticaHM3IMSS/gff/data/AmoebaDB-31_EhistolyticaHM3IMSS.gff","31","Entamoeba histolytica HM-3:IMSS",885315,TRUE,"AmoebaDB","Keith Hughitt <khughitt@umd.edu>","Annotation,EuPathDB,Eukaryote,Pathogen,Parasite,Amoeba","Transcript information for Entamoeba histolytica HM-3:IMSS","AmoebaDB 31 transcript information for Entamoeba histolytica HM-3:IMSS","GRanges","GRanges","GRanges.Entamoeba_histolytica_HM-3:IMSS.amoebadb31.rda"
"3.4","AmoebaDB-31_EhistolyticaHM1IMSS-A","6331","6316","GFF","http://AmoebaDB.org/common/downloads/Current_Release/EhistolyticaHM1IMSS-A/gff/data/AmoebaDB-31_EhistolyticaHM1IMSS-A.gff","31","Entamoeba histolytica HM-1:IMSS-A",885318,TRUE,"AmoebaDB","Keith Hughitt <khughitt@umd.edu>","Annotation,EuPathDB,Eukaryote,Pathogen,Parasite,Amoeba","Transcript information for Entamoeba histolytica HM-1:IMSS-A","AmoebaDB 31 transcript information for Entamoeba histolytica HM-1:IMSS-A","GRanges","GRanges","GRanges.Entamoeba_histolytica_HM-1:IMSS-A.amoebadb31.rda"
"3.4","AmoebaDB-31_EhistolyticaHM1IMSS-B","6311","6248","GFF","http://AmoebaDB.org/common/downloads/Current_Release/EhistolyticaHM1IMSS-B/gff/data/AmoebaDB-31_EhistolyticaHM1IMSS-B.gff","31","Entamoeba histolytica HM-1:IMSS-B",885319,TRUE,"AmoebaDB","Keith Hughitt <khughitt@umd.edu>","Annotation,EuPathDB,Eukaryote,Pathogen,Parasite,Amoeba","Transcript information for Entamoeba histolytica HM-1:IMSS-B","AmoebaDB 31 transcript information for Entamoeba histolytica HM-1:IMSS-B","GRanges","GRanges","GRanges.Entamoeba_histolytica_HM-1:IMSS-B.amoebadb31.rda"
"3.4","FungiDB-31_AlaibachiiNc14","14629","12710","GFF","http://FungiDB.org/common/downloads/Current_Release/AlaibachiiNc14/gff/data/FungiDB-31_AlaibachiiNc14.gff","31","Albugo laibachii Nc14",890382,TRUE,"FungiDB","Keith Hughitt <khughitt@umd.edu>","Annotation,EuPathDB,Eukaryote,Pathogen,Parasite,Fungus,Fungi","Transcript information for Albugo laibachii Nc14","FungiDB 31 transcript information for Albugo laibachii Nc14","GRanges","GRanges","GRanges.Albugo_laibachii_Nc14.fungidb31.rda"
"3.4","MicrosporidiaDB-31_EhellemATCC50504","2006","1920","GFF","http://MicrosporidiaDB.org/common/downloads/Current_Release/EhellemATCC50504/gff/data/MicrosporidiaDB-31_EhellemATCC50504.gff","31","Encephalitozoon hellem ATCC 50504",907965,TRUE,"MicrosporidiaDB","Keith Hughitt <khughitt@umd.edu>","Annotation,EuPathDB,Eukaryote,Pathogen,Parasite,Microsporidia","Transcript information for Encephalitozoon hellem ATCC 50504","MicrosporidiaDB 31 transcript information for Encephalitozoon hellem ATCC 50504","GRanges","GRanges","GRanges.Encephalitozoon_hellem_ATCC_50504.microsporidiadb31.rda"
"3.4","FungiDB-31_Acandida2VRR","15896","13036","GFF","http://FungiDB.org/common/downloads/Current_Release/Acandida2VRR/gff/data/FungiDB-31_Acandida2VRR.gff","31","Albugo candida 2VRR",911350,TRUE,"FungiDB","Keith Hughitt <khughitt@umd.edu>","Annotation,EuPathDB,Eukaryote,Pathogen,Parasite,Fungus,Fungi","Transcript information for Albugo candida 2VRR","FungiDB 31 transcript information for Albugo candida 2VRR","GRanges","GRanges","GRanges.Albugo_candida_2VRR.fungidb31.rda"
"3.4","TriTrypDB-31_LmexicanaMHOMGT2001U1103","8677","8239","GFF","http://TriTrypDB.org/common/downloads/Current_Release/LmexicanaMHOMGT2001U1103/gff/data/TriTrypDB-31_LmexicanaMHOMGT2001U1103.gff","31","Leishmania mexicana MHOM/GT/2001/U1103",929439,TRUE,"TriTrypDB","Keith Hughitt <khughitt@umd.edu>","Annotation,EuPathDB,Eukaryote,Pathogen,Parasite,Trypanosome,Kinetoplastid,Leishmania","Transcript information for Leishmania mexicana MHOM/GT/2001/U1103","TriTrypDB 31 transcript information for Leishmania mexicana MHOM/GT/2001/U1103","GRanges","GRanges","GRanges.Leishmania_mexicana_MHOM_GT_2001_U1103.tritrypdb31.rda"
"3.4","ToxoDB-31_TgondiiVAND","9426","9181","GFF","http://ToxoDB.org/common/downloads/Current_Release/TgondiiVAND/gff/data/ToxoDB-31_TgondiiVAND.gff","31","Toxoplasma gondii VAND",933077,TRUE,"ToxoDB","Keith Hughitt <khughitt@umd.edu>","Annotation,EuPathDB,Eukaryote,Pathogen,Parasite,Toxoplasmosis","Transcript information for Toxoplasma gondii VAND","ToxoDB 31 transcript information for Toxoplasma gondii VAND","GRanges","GRanges","GRanges.Toxoplasma_gondii_VAND.toxodb31.rda"
"3.4","ToxoDB-31_TgondiiRUB","10213","9874","GFF","http://ToxoDB.org/common/downloads/Current_Release/TgondiiRUB/gff/data/ToxoDB-31_TgondiiRUB.gff","31","Toxoplasma gondii RUB",935652,TRUE,"ToxoDB","Keith Hughitt <khughitt@umd.edu>","Annotation,EuPathDB,Eukaryote,Pathogen,Parasite,Toxoplasmosis","Transcript information for Toxoplasma gondii RUB","ToxoDB 31 transcript information for Toxoplasma gondii RUB","GRanges","GRanges","GRanges.Toxoplasma_gondii_RUB.toxodb31.rda"
"3.4","MicrosporidiaDB-31_NparisiiERTm3","2788","2668","GFF","http://MicrosporidiaDB.org/common/downloads/Current_Release/NparisiiERTm3/gff/data/MicrosporidiaDB-31_NparisiiERTm3.gff","31","Nematocida parisii ERTm3",935791,TRUE,"MicrosporidiaDB","Keith Hughitt <khughitt@umd.edu>","Annotation,EuPathDB,Eukaryote,Pathogen,Parasite,Microsporidia","Transcript information for Nematocida parisii ERTm3","MicrosporidiaDB 31 transcript information for Nematocida parisii ERTm3","GRanges","GRanges","GRanges.Nematocida_parisii_ERTm3.microsporidiadb31.rda"
"3.4","ToxoDB-31_TgondiiMAS","10176","9865","GFF","http://ToxoDB.org/common/downloads/Current_Release/TgondiiMAS/gff/data/ToxoDB-31_TgondiiMAS.gff","31","Toxoplasma gondii MAS",943118,TRUE,"ToxoDB","Keith Hughitt <khughitt@umd.edu>","Annotation,EuPathDB,Eukaryote,Pathogen,Parasite,Toxoplasmosis","Transcript information for Toxoplasma gondii MAS","ToxoDB 31 transcript information for Toxoplasma gondii MAS","GRanges","GRanges","GRanges.Toxoplasma_gondii_MAS.toxodb31.rda"
"3.4","ToxoDB-31_Tgondiip89","9874","9593","GFF","http://ToxoDB.org/common/downloads/Current_Release/Tgondiip89/gff/data/ToxoDB-31_Tgondiip89.gff","31","Toxoplasma gondii p89",943119,TRUE,"ToxoDB","Keith Hughitt <khughitt@umd.edu>","Annotation,EuPathDB,Eukaryote,Pathogen,Parasite,Toxoplasmosis","Transcript information for Toxoplasma gondii p89","ToxoDB 31 transcript information for Toxoplasma gondii p89","GRanges","GRanges","GRanges.Toxoplasma_gondii_p89.toxodb31.rda"
"3.4","ToxoDB-31_TgondiiFOU","10297","9980","GFF","http://ToxoDB.org/common/downloads/Current_Release/TgondiiFOU/gff/data/ToxoDB-31_TgondiiFOU.gff","31","Toxoplasma gondii FOU",943167,TRUE,"ToxoDB","Keith Hughitt <khughitt@umd.edu>","Annotation,EuPathDB,Eukaryote,Pathogen,Parasite,Toxoplasmosis","Transcript information for Toxoplasma gondii FOU","ToxoDB 31 transcript information for Toxoplasma gondii FOU","GRanges","GRanges","GRanges.Toxoplasma_gondii_FOU.toxodb31.rda"
"3.4","MicrosporidiaDB-31_NematocidaSp1ERTm2","2831","2669","GFF","http://MicrosporidiaDB.org/common/downloads/Current_Release/NematocidaSp1ERTm2/gff/data/MicrosporidiaDB-31_NematocidaSp1ERTm2.gff","31","Nematocida sp. 1 ERTm2",944018,TRUE,"MicrosporidiaDB","Keith Hughitt <khughitt@umd.edu>","Annotation,EuPathDB,Eukaryote,Pathogen,Parasite,Microsporidia","Transcript information for Nematocida sp. 1 ERTm2","MicrosporidiaDB 31 transcript information for Nematocida sp. 1 ERTm2","GRanges","GRanges","GRanges.Nematocida_sp_1_ERTm2.microsporidiadb31.rda"
"3.4","MicrosporidiaDB-31_Vculicisfloridensis","2875","2375","GFF","http://MicrosporidiaDB.org/common/downloads/Current_Release/Vculicisfloridensis/gff/data/MicrosporidiaDB-31_Vculicisfloridensis.gff","31","Vavraia culicis subsp. floridensis",948595,TRUE,"MicrosporidiaDB","Keith Hughitt <khughitt@umd.edu>","Annotation,EuPathDB,Eukaryote,Pathogen,Parasite,Microsporidia","Transcript information for Vavraia culicis subsp. floridensis","MicrosporidiaDB 31 transcript information for Vavraia culicis subsp. floridensis","GRanges","GRanges","GRanges.Vavraia_culicis_subsp_floridensis.microsporidiadb31.rda"
"3.4","TriTrypDB-31_LdonovaniBPK282A1","8135","7947","GFF","http://TriTrypDB.org/common/downloads/Current_Release/LdonovaniBPK282A1/gff/data/TriTrypDB-31_LdonovaniBPK282A1.gff","31","Leishmania donovani BPK282A1",981087,TRUE,"TriTrypDB","Keith Hughitt <khughitt@umd.edu>","Annotation,EuPathDB,Eukaryote,Pathogen,Parasite,Trypanosome,Kinetoplastid,Leishmania","Transcript information for Leishmania donovani BPK282A1","TriTrypDB 31 transcript information for Leishmania donovani BPK282A1","GRanges","GRanges","GRanges.Leishmania_donovani_BPK282A1.tritrypdb31.rda"
"3.4","MicrosporidiaDB-31_EcuniculiEC1","1898","1846","GFF","http://MicrosporidiaDB.org/common/downloads/Current_Release/EcuniculiEC1/gff/data/MicrosporidiaDB-31_EcuniculiEC1.gff","31","Encephalitozoon cuniculi EC1",986730,TRUE,"MicrosporidiaDB","Keith Hughitt <khughitt@umd.edu>","Annotation,EuPathDB,Eukaryote,Pathogen,Parasite,Microsporidia","Transcript information for Encephalitozoon cuniculi EC1","MicrosporidiaDB 31 transcript information for Encephalitozoon cuniculi EC1","GRanges","GRanges","GRanges.Encephalitozoon_cuniculi_EC1.microsporidiadb31.rda"
"3.4","MicrosporidiaDB-31_EcuniculiEC2","1902","1850","GFF","http://MicrosporidiaDB.org/common/downloads/Current_Release/EcuniculiEC2/gff/data/MicrosporidiaDB-31_EcuniculiEC2.gff","31","Encephalitozoon cuniculi EC2",989654,TRUE,"MicrosporidiaDB","Keith Hughitt <khughitt@umd.edu>","Annotation,EuPathDB,Eukaryote,Pathogen,Parasite,Microsporidia","Transcript information for Encephalitozoon cuniculi EC2","MicrosporidiaDB 31 transcript information for Encephalitozoon cuniculi EC2","GRanges","GRanges","GRanges.Encephalitozoon_cuniculi_EC2.microsporidiadb31.rda"
"3.4","MicrosporidiaDB-31_EcuniculiEC3","1898","1846","GFF","http://MicrosporidiaDB.org/common/downloads/Current_Release/EcuniculiEC3/gff/data/MicrosporidiaDB-31_EcuniculiEC3.gff","31","Encephalitozoon cuniculi EC3",989655,TRUE,"MicrosporidiaDB","Keith Hughitt <khughitt@umd.edu>","Annotation,EuPathDB,Eukaryote,Pathogen,Parasite,Microsporidia","Transcript information for Encephalitozoon cuniculi EC3","MicrosporidiaDB 31 transcript information for Encephalitozoon cuniculi EC3","GRanges","GRanges","GRanges.Encephalitozoon_cuniculi_EC3.microsporidiadb31.rda"
"3.4","MicrosporidiaDB-31_VcorneaeATCC50505","2340","1832","GFF","http://MicrosporidiaDB.org/common/downloads/Current_Release/VcorneaeATCC50505/gff/data/MicrosporidiaDB-31_VcorneaeATCC50505.gff","31","Vittaforma corneae ATCC 50505",993615,TRUE,"MicrosporidiaDB","Keith Hughitt <khughitt@umd.edu>","Annotation,EuPathDB,Eukaryote,Pathogen,Parasite,Microsporidia","Transcript information for Vittaforma corneae ATCC 50505","MicrosporidiaDB 31 transcript information for Vittaforma corneae ATCC 50505","GRanges","GRanges","GRanges.Vittaforma_corneae_ATCC_50505.microsporidiadb31.rda"
"3.4","FungiDB-31_SreilianumSRZ2","6791","6376","GFF","http://FungiDB.org/common/downloads/Current_Release/SreilianumSRZ2/gff/data/FungiDB-31_SreilianumSRZ2.gff","31","Sporisorium reilianum SRZ2",999809,TRUE,"FungiDB","Keith Hughitt <khughitt@umd.edu>","Annotation,EuPathDB,Eukaryote,Pathogen,Parasite,Fungus,Fungi","Transcript information for Sporisorium reilianum SRZ2","FungiDB 31 transcript information for Sporisorium reilianum SRZ2","GRanges","GRanges","GRanges.Sporisorium_reilianum_SRZ2.fungidb31.rda"
"3.4","TriTrypDB-31_TcruziCLBrenerEsmeraldo-like","10596","10318","GFF","http://TriTrypDB.org/common/downloads/Current_Release/TcruziCLBrenerEsmeraldo-like/gff/data/TriTrypDB-31_TcruziCLBrenerEsmeraldo-like.gff","31","Trypanosoma cruzi CL Brener Esmeraldo-like",353153,TRUE,"TriTrypDB","Keith Hughitt <khughitt@umd.edu>","Annotation,EuPathDB,Eukaryote,Pathogen,Parasite,Trypanosome,Kinetoplastid,Leishmania","Transcript information for Trypanosoma cruzi CL Brener Esmeraldo-like","TriTrypDB 31 transcript information for Trypanosoma cruzi CL Brener Esmeraldo-like","GRanges","GRanges","GRanges.Trypanosoma_cruzi_CL_Brener_Esmeraldo-like.tritrypdb31.rda"
