BiocVersion,Genome,NumGenes,NumOrthologs,SourceType,SourceUrl,SourceVersion,Species,TaxonomyId,Coordinate_1_based,DataProvider,Maintainer,Tags,BsgenomePkg,GrangesPkg,OrganismdbiPkg,OrgdbPkg,TxdbPkg,Strain,Taxon,Genus,Sp,BsgenomeFile,GrangesFile,OrganismdbiFile,OrgdbFile,TxdbFile,TaxonUnmodified,Title,Description,RDataClass,DispatchClass,ResourceName,RDataPath
v3.9,AmoebaDB-44_AastronyxisUnknown,NA,NA,GFF,http://AmoebaDB.org/common/downloads/release-42/AastronyxisUnknown/gff/data/AmoebaDB-42_AastronyxisUnknown.gff,42,Acanthamoeba astronyxis,65658,TRUE,AmoebaDB,Keith Hughitt <khughitt@umd.edu>,Annotation:EuPathDB:Eukaryote:Pathogen:Parasite:Amoeba,BSGenome.Acanthamoeba.astronyxis.Unknown.v42,GRanges.Acanthamoeba.astronyxis.Unknown.v42.rda,amoebadb.Acanthamoeba.astronyxis.Unknown.v42,org.Aastronyxis.Unknown.v42.eg.db,TxDb.Acanthamoeba.astronyxis.Unknown.AmoebaDB.v42,Unknown,Acanthamoeba astronyxis Unknown,NA,NA,EuPathDB/BSgenome/v3.9/BSGenome.Acanthamoeba.astronyxis.Unknown.v42/single_sequences.2bit,EuPathDB/GRanges/v3.9/GRanges.Acanthamoeba.astronyxis.Unknown.v42.rda,EuPathDB/OrganismDbi/v3.9/amoebadb.Acanthamoeba.astronyxis.Unknown.v42/graphInfo.rda,EuPathDB/OrgDb/v3.9/org.Aastronyxis.Unknown.v42.eg.sqlite,EuPathDB/TxDb/v3.9/TxDb.Acanthamoeba.astronyxis.Unknown.AmoebaDB.v42.sqlite,Acanthamoeba astronyxis Unknown,Transcript information for Acanthamoeba astronyxis Unknown,AmoebaDB 42 transcript information for Acanthamoeba astronyxis Unknown,GRanges,GRanges,GRanges.Acanthamoeba.astronyxis.Unknown.v42.rda,EuPathDB/GRanges/v3.9/GRanges.Acanthamoeba.astronyxis.Unknown.v42.rda
v3.9,AmoebaDB-44_AcastellaniiMa,NA,NA,GFF,http://AmoebaDB.org/common/downloads/release-42/AcastellaniiMa/gff/data/AmoebaDB-42_AcastellaniiMa.gff,42,Acanthamoeba castellanii,5755,TRUE,AmoebaDB,Keith Hughitt <khughitt@umd.edu>,Annotation:EuPathDB:Eukaryote:Pathogen:Parasite:Amoeba,BSGenome.Acanthamoeba.castellanii.Ma.v42,GRanges.Acanthamoeba.castellanii.Ma.v42.rda,amoebadb.Acanthamoeba.castellanii.Ma.v42,org.Acastellanii.Ma.v42.eg.db,TxDb.Acanthamoeba.castellanii.Ma.AmoebaDB.v42,Ma,Acanthamoeba castellanii Ma,NA,NA,EuPathDB/BSgenome/v3.9/BSGenome.Acanthamoeba.castellanii.Ma.v42/single_sequences.2bit,EuPathDB/GRanges/v3.9/GRanges.Acanthamoeba.castellanii.Ma.v42.rda,EuPathDB/OrganismDbi/v3.9/amoebadb.Acanthamoeba.castellanii.Ma.v42/graphInfo.rda,EuPathDB/OrgDb/v3.9/org.Acastellanii.Ma.v42.eg.sqlite,EuPathDB/TxDb/v3.9/TxDb.Acanthamoeba.castellanii.Ma.AmoebaDB.v42.sqlite,Acanthamoeba castellanii Ma,Transcript information for Acanthamoeba castellanii Ma,AmoebaDB 42 transcript information for Acanthamoeba castellanii Ma,GRanges,GRanges,GRanges.Acanthamoeba.castellanii.Ma.v42.rda,EuPathDB/GRanges/v3.9/GRanges.Acanthamoeba.castellanii.Ma.v42.rda
v3.9,AmoebaDB-44_AculbertsoniA1,NA,NA,GFF,http://AmoebaDB.org/common/downloads/release-42/AculbertsoniA1/gff/data/AmoebaDB-42_AculbertsoniA1.gff,42,Acanthamoeba culbertsoni,43142,TRUE,AmoebaDB,Keith Hughitt <khughitt@umd.edu>,Annotation:EuPathDB:Eukaryote:Pathogen:Parasite:Amoeba,BSGenome.Acanthamoeba.culbertsoni.A1.v42,GRanges.Acanthamoeba.culbertsoni.A1.v42.rda,amoebadb.Acanthamoeba.culbertsoni.A1.v42,org.Aculbertsoni.A1.v42.eg.db,TxDb.Acanthamoeba.culbertsoni.A1.AmoebaDB.v42,A1,Acanthamoeba culbertsoni A1,NA,NA,EuPathDB/BSgenome/v3.9/BSGenome.Acanthamoeba.culbertsoni.A1.v42/single_sequences.2bit,EuPathDB/GRanges/v3.9/GRanges.Acanthamoeba.culbertsoni.A1.v42.rda,EuPathDB/OrganismDbi/v3.9/amoebadb.Acanthamoeba.culbertsoni.A1.v42/graphInfo.rda,EuPathDB/OrgDb/v3.9/org.Aculbertsoni.A1.v42.eg.sqlite,EuPathDB/TxDb/v3.9/TxDb.Acanthamoeba.culbertsoni.A1.AmoebaDB.v42.sqlite,Acanthamoeba culbertsoni A1,Transcript information for Acanthamoeba culbertsoni A1,AmoebaDB 42 transcript information for Acanthamoeba culbertsoni A1,GRanges,GRanges,GRanges.Acanthamoeba.culbertsoni.A1.v42.rda,EuPathDB/GRanges/v3.9/GRanges.Acanthamoeba.culbertsoni.A1.v42.rda
v3.9,AmoebaDB-44_AlenticulataPD2S,NA,NA,GFF,http://AmoebaDB.org/common/downloads/release-42/AlenticulataPD2S/gff/data/AmoebaDB-42_AlenticulataPD2S.gff,42,Acanthamoeba lenticulata,29196,TRUE,AmoebaDB,Keith Hughitt <khughitt@umd.edu>,Annotation:EuPathDB:Eukaryote:Pathogen:Parasite:Amoeba,BSGenome.Acanthamoeba.lenticulata.PD2S.v42,GRanges.Acanthamoeba.lenticulata.PD2S.v42.rda,amoebadb.Acanthamoeba.lenticulata.PD2S.v42,org.Alenticulata.PD2S.v42.eg.db,TxDb.Acanthamoeba.lenticulata.PD2S.AmoebaDB.v42,PD2S,Acanthamoeba lenticulata PD2S,NA,NA,EuPathDB/BSgenome/v3.9/BSGenome.Acanthamoeba.lenticulata.PD2S.v42/single_sequences.2bit,EuPathDB/GRanges/v3.9/GRanges.Acanthamoeba.lenticulata.PD2S.v42.rda,EuPathDB/OrganismDbi/v3.9/amoebadb.Acanthamoeba.lenticulata.PD2S.v42/graphInfo.rda,EuPathDB/OrgDb/v3.9/org.Alenticulata.PD2S.v42.eg.sqlite,EuPathDB/TxDb/v3.9/TxDb.Acanthamoeba.lenticulata.PD2S.AmoebaDB.v42.sqlite,Acanthamoeba lenticulata PD2S,Transcript information for Acanthamoeba lenticulata PD2S,AmoebaDB 42 transcript information for Acanthamoeba lenticulata PD2S,GRanges,GRanges,GRanges.Acanthamoeba.lenticulata.PD2S.v42.rda,EuPathDB/GRanges/v3.9/GRanges.Acanthamoeba.lenticulata.PD2S.v42.rda
v3.9,AmoebaDB-44_AlugdunensisL3a,NA,NA,GFF,http://AmoebaDB.org/common/downloads/release-42/AlugdunensisL3a/gff/data/AmoebaDB-42_AlugdunensisL3a.gff,42,Acanthamoeba lugdunensis,61605,TRUE,AmoebaDB,Keith Hughitt <khughitt@umd.edu>,Annotation:EuPathDB:Eukaryote:Pathogen:Parasite:Amoeba,BSGenome.Acanthamoeba.lugdunensis.L3a.v42,GRanges.Acanthamoeba.lugdunensis.L3a.v42.rda,amoebadb.Acanthamoeba.lugdunensis.L3a.v42,org.Alugdunensis.L3a.v42.eg.db,TxDb.Acanthamoeba.lugdunensis.L3a.AmoebaDB.v42,L3a,Acanthamoeba lugdunensis L3a,NA,NA,EuPathDB/BSgenome/v3.9/BSGenome.Acanthamoeba.lugdunensis.L3a.v42/single_sequences.2bit,EuPathDB/GRanges/v3.9/GRanges.Acanthamoeba.lugdunensis.L3a.v42.rda,EuPathDB/OrganismDbi/v3.9/amoebadb.Acanthamoeba.lugdunensis.L3a.v42/graphInfo.rda,EuPathDB/OrgDb/v3.9/org.Alugdunensis.L3a.v42.eg.sqlite,EuPathDB/TxDb/v3.9/TxDb.Acanthamoeba.lugdunensis.L3a.AmoebaDB.v42.sqlite,Acanthamoeba lugdunensis L3a,Transcript information for Acanthamoeba lugdunensis L3a,AmoebaDB 42 transcript information for Acanthamoeba lugdunensis L3a,GRanges,GRanges,GRanges.Acanthamoeba.lugdunensis.L3a.v42.rda,EuPathDB/GRanges/v3.9/GRanges.Acanthamoeba.lugdunensis.L3a.v42.rda
v3.9,AmoebaDB-44_Amauritaniensis1652,NA,NA,GFF,http://AmoebaDB.org/common/downloads/release-42/Amauritaniensis1652/gff/data/AmoebaDB-42_Amauritaniensis1652.gff,42,Acanthamoeba mauritaniensis,196912,TRUE,AmoebaDB,Keith Hughitt <khughitt@umd.edu>,Annotation:EuPathDB:Eukaryote:Pathogen:Parasite:Amoeba,BSGenome.Acanthamoeba.mauritaniensis.1652.v42,GRanges.Acanthamoeba.mauritaniensis.1652.v42.rda,amoebadb.Acanthamoeba.mauritaniensis.1652.v42,org.Amauritaniensis.1652.v42.eg.db,TxDb.Acanthamoeba.mauritaniensis.1652.AmoebaDB.v42,1652,Acanthamoeba mauritaniensis 1652,NA,NA,EuPathDB/BSgenome/v3.9/BSGenome.Acanthamoeba.mauritaniensis.1652.v42/single_sequences.2bit,EuPathDB/GRanges/v3.9/GRanges.Acanthamoeba.mauritaniensis.1652.v42.rda,EuPathDB/OrganismDbi/v3.9/amoebadb.Acanthamoeba.mauritaniensis.1652.v42/graphInfo.rda,EuPathDB/OrgDb/v3.9/org.Amauritaniensis.1652.v42.eg.sqlite,EuPathDB/TxDb/v3.9/TxDb.Acanthamoeba.mauritaniensis.1652.AmoebaDB.v42.sqlite,Acanthamoeba mauritaniensis 1652,Transcript information for Acanthamoeba mauritaniensis 1652,AmoebaDB 42 transcript information for Acanthamoeba mauritaniensis 1652,GRanges,GRanges,GRanges.Acanthamoeba.mauritaniensis.1652.v42.rda,EuPathDB/GRanges/v3.9/GRanges.Acanthamoeba.mauritaniensis.1652.v42.rda
v3.9,AmoebaDB-44_ApalestinensisReich,NA,NA,GFF,http://AmoebaDB.org/common/downloads/release-42/ApalestinensisReich/gff/data/AmoebaDB-42_ApalestinensisReich.gff,42,Acanthamoeba palestinensis,28015,TRUE,AmoebaDB,Keith Hughitt <khughitt@umd.edu>,Annotation:EuPathDB:Eukaryote:Pathogen:Parasite:Amoeba,BSGenome.Acanthamoeba.palestinensis.Reich.v42,GRanges.Acanthamoeba.palestinensis.Reich.v42.rda,amoebadb.Acanthamoeba.palestinensis.Reich.v42,org.Apalestinensis.Reich.v42.eg.db,TxDb.Acanthamoeba.palestinensis.Reich.AmoebaDB.v42,Reich,Acanthamoeba palestinensis Reich,NA,NA,EuPathDB/BSgenome/v3.9/BSGenome.Acanthamoeba.palestinensis.Reich.v42/single_sequences.2bit,EuPathDB/GRanges/v3.9/GRanges.Acanthamoeba.palestinensis.Reich.v42.rda,EuPathDB/OrganismDbi/v3.9/amoebadb.Acanthamoeba.palestinensis.Reich.v42/graphInfo.rda,EuPathDB/OrgDb/v3.9/org.Apalestinensis.Reich.v42.eg.sqlite,EuPathDB/TxDb/v3.9/TxDb.Acanthamoeba.palestinensis.Reich.AmoebaDB.v42.sqlite,Acanthamoeba palestinensis Reich,Transcript information for Acanthamoeba palestinensis Reich,AmoebaDB 42 transcript information for Acanthamoeba palestinensis Reich,GRanges,GRanges,GRanges.Acanthamoeba.palestinensis.Reich.v42.rda,EuPathDB/GRanges/v3.9/GRanges.Acanthamoeba.palestinensis.Reich.v42.rda
v3.9,AmoebaDB-44_AquinaVil3,NA,NA,GFF,http://AmoebaDB.org/common/downloads/release-42/AquinaVil3/gff/data/AmoebaDB-42_AquinaVil3.gff,42,Acanthamoeba quina,211522,TRUE,AmoebaDB,Keith Hughitt <khughitt@umd.edu>,Annotation:EuPathDB:Eukaryote:Pathogen:Parasite:Amoeba,BSGenome.Acanthamoeba.quina.Vil3.v42,GRanges.Acanthamoeba.quina.Vil3.v42.rda,amoebadb.Acanthamoeba.quina.Vil3.v42,org.Aquina.Vil3.v42.eg.db,TxDb.Acanthamoeba.quina.Vil3.AmoebaDB.v42,Vil3,Acanthamoeba quina Vil3,NA,NA,EuPathDB/BSgenome/v3.9/BSGenome.Acanthamoeba.quina.Vil3.v42/single_sequences.2bit,EuPathDB/GRanges/v3.9/GRanges.Acanthamoeba.quina.Vil3.v42.rda,EuPathDB/OrganismDbi/v3.9/amoebadb.Acanthamoeba.quina.Vil3.v42/graphInfo.rda,EuPathDB/OrgDb/v3.9/org.Aquina.Vil3.v42.eg.sqlite,EuPathDB/TxDb/v3.9/TxDb.Acanthamoeba.quina.Vil3.AmoebaDB.v42.sqlite,Acanthamoeba quina Vil3,Transcript information for Acanthamoeba quina Vil3,AmoebaDB 42 transcript information for Acanthamoeba quina Vil3,GRanges,GRanges,GRanges.Acanthamoeba.quina.Vil3.v42.rda,EuPathDB/GRanges/v3.9/GRanges.Acanthamoeba.quina.Vil3.v42.rda
v3.9,AmoebaDB-44_ArhysodesSingh,NA,NA,GFF,http://AmoebaDB.org/common/downloads/release-42/ArhysodesSingh/gff/data/AmoebaDB-42_ArhysodesSingh.gff,42,Acanthamoeba rhysodes,32599,TRUE,AmoebaDB,Keith Hughitt <khughitt@umd.edu>,Annotation:EuPathDB:Eukaryote:Pathogen:Parasite:Amoeba,BSGenome.Acanthamoeba.rhysodes.Singh.v42,GRanges.Acanthamoeba.rhysodes.Singh.v42.rda,amoebadb.Acanthamoeba.rhysodes.Singh.v42,org.Arhysodes.Singh.v42.eg.db,TxDb.Acanthamoeba.rhysodes.Singh.AmoebaDB.v42,Singh,Acanthamoeba rhysodes Singh,NA,NA,EuPathDB/BSgenome/v3.9/BSGenome.Acanthamoeba.rhysodes.Singh.v42/single_sequences.2bit,EuPathDB/GRanges/v3.9/GRanges.Acanthamoeba.rhysodes.Singh.v42.rda,EuPathDB/OrganismDbi/v3.9/amoebadb.Acanthamoeba.rhysodes.Singh.v42/graphInfo.rda,EuPathDB/OrgDb/v3.9/org.Arhysodes.Singh.v42.eg.sqlite,EuPathDB/TxDb/v3.9/TxDb.Acanthamoeba.rhysodes.Singh.AmoebaDB.v42.sqlite,Acanthamoeba rhysodes Singh,Transcript information for Acanthamoeba rhysodes Singh,AmoebaDB 42 transcript information for Acanthamoeba rhysodes Singh,GRanges,GRanges,GRanges.Acanthamoeba.rhysodes.Singh.v42.rda,EuPathDB/GRanges/v3.9/GRanges.Acanthamoeba.rhysodes.Singh.v42.rda
v3.9,AmoebaDB-44_AspGalka,NA,NA,GFF,http://AmoebaDB.org/common/downloads/release-42/AspGalka/gff/data/AmoebaDB-42_AspGalka.gff,42,Acanthamoeba sp,NA,TRUE,AmoebaDB,Keith Hughitt <khughitt@umd.edu>,Annotation:EuPathDB:Eukaryote:Pathogen:Parasite:Amoeba,BSGenome.Acanthamoeba.sp.Galka.v42,GRanges.Acanthamoeba.sp.Galka.v42.rda,amoebadb.Acanthamoeba.sp.Galka.v42,org.Asp.Galka.v42.eg.db,TxDb.Acanthamoeba.sp.Galka.AmoebaDB.v42,Galka,Acanthamoeba sp Galka,NA,NA,EuPathDB/BSgenome/v3.9/BSGenome.Acanthamoeba.sp.Galka.v42/single_sequences.2bit,EuPathDB/GRanges/v3.9/GRanges.Acanthamoeba.sp.Galka.v42.rda,EuPathDB/OrganismDbi/v3.9/amoebadb.Acanthamoeba.sp.Galka.v42/graphInfo.rda,EuPathDB/OrgDb/v3.9/org.Asp.Galka.v42.eg.sqlite,EuPathDB/TxDb/v3.9/TxDb.Acanthamoeba.sp.Galka.AmoebaDB.v42.sqlite,Acanthamoeba sp Galka,Transcript information for Acanthamoeba sp Galka,AmoebaDB 42 transcript information for Acanthamoeba sp Galka,GRanges,GRanges,GRanges.Acanthamoeba.sp.Galka.v42.rda,EuPathDB/GRanges/v3.9/GRanges.Acanthamoeba.sp.Galka.v42.rda
v3.9,AmoebaDB-44_AspIncertaesedis,NA,NA,GFF,http://AmoebaDB.org/common/downloads/release-42/AspIncertaesedis/gff/data/AmoebaDB-42_AspIncertaesedis.gff,42,Acanthamoeba sp,NA,TRUE,AmoebaDB,Keith Hughitt <khughitt@umd.edu>,Annotation:EuPathDB:Eukaryote:Pathogen:Parasite:Amoeba,BSGenome.Acanthamoeba.sp.Incertae.sedis.v42,GRanges.Acanthamoeba.sp.Incertae.sedis.v42.rda,amoebadb.Acanthamoeba.sp.Incertae.sedis.v42,org.Asp.Incertae.sedis.v42.eg.db,TxDb.Acanthamoeba.sp.Incertae.sedis.AmoebaDB.v42,Incertae.sedis,Acanthamoeba sp Incertae sedis,NA,NA,EuPathDB/BSgenome/v3.9/BSGenome.Acanthamoeba.sp.Incertae.sedis.v42/single_sequences.2bit,EuPathDB/GRanges/v3.9/GRanges.Acanthamoeba.sp.Incertae.sedis.v42.rda,EuPathDB/OrganismDbi/v3.9/amoebadb.Acanthamoeba.sp.Incertae.sedis.v42/graphInfo.rda,EuPathDB/OrgDb/v3.9/org.Asp.Incertae.sedis.v42.eg.sqlite,EuPathDB/TxDb/v3.9/TxDb.Acanthamoeba.sp.Incertae.sedis.AmoebaDB.v42.sqlite,Acanthamoeba sp Incertae sedis,Transcript information for Acanthamoeba sp Incertae sedis,AmoebaDB 42 transcript information for Acanthamoeba sp Incertae sedis,GRanges,GRanges,GRanges.Acanthamoeba.sp.Incertae.sedis.v42.rda,EuPathDB/GRanges/v3.9/GRanges.Acanthamoeba.sp.Incertae.sedis.v42.rda
v3.9,AmoebaDB-44_AspT4b-type,NA,NA,GFF,http://AmoebaDB.org/common/downloads/release-42/AspT4b-type/gff/data/AmoebaDB-42_AspT4b-type.gff,42,Acanthamoeba sp,NA,TRUE,AmoebaDB,Keith Hughitt <khughitt@umd.edu>,Annotation:EuPathDB:Eukaryote:Pathogen:Parasite:Amoeba,BSGenome.Acanthamoeba.sp.T4b.type.v42,GRanges.Acanthamoeba.sp.T4b.type.v42.rda,amoebadb.Acanthamoeba.sp.T4b.type.v42,org.Asp.T4b.type.v42.eg.db,TxDb.Acanthamoeba.sp.T4b.type.AmoebaDB.v42,T4b.type,Acanthamoeba sp T4b type,NA,NA,EuPathDB/BSgenome/v3.9/BSGenome.Acanthamoeba.sp.T4b.type.v42/single_sequences.2bit,EuPathDB/GRanges/v3.9/GRanges.Acanthamoeba.sp.T4b.type.v42.rda,EuPathDB/OrganismDbi/v3.9/amoebadb.Acanthamoeba.sp.T4b.type.v42/graphInfo.rda,EuPathDB/OrgDb/v3.9/org.Asp.T4b.type.v42.eg.sqlite,EuPathDB/TxDb/v3.9/TxDb.Acanthamoeba.sp.T4b.type.AmoebaDB.v42.sqlite,Acanthamoeba sp T4b-type,Transcript information for Acanthamoeba sp T4b type,AmoebaDB 42 transcript information for Acanthamoeba sp T4b type,GRanges,GRanges,GRanges.Acanthamoeba.sp.T4b.type.v42.rda,EuPathDB/GRanges/v3.9/GRanges.Acanthamoeba.sp.T4b.type.v42.rda
v3.9,AmoebaDB-44_AtriangularisSH621,NA,NA,GFF,http://AmoebaDB.org/common/downloads/release-42/AtriangularisSH621/gff/data/AmoebaDB-42_AtriangularisSH621.gff,42,Acanthamoeba triangularis,146752,TRUE,AmoebaDB,Keith Hughitt <khughitt@umd.edu>,Annotation:EuPathDB:Eukaryote:Pathogen:Parasite:Amoeba,BSGenome.Acanthamoeba.triangularis.SH621.v42,GRanges.Acanthamoeba.triangularis.SH621.v42.rda,amoebadb.Acanthamoeba.triangularis.SH621.v42,org.Atriangularis.SH621.v42.eg.db,TxDb.Acanthamoeba.triangularis.SH621.AmoebaDB.v42,SH621,Acanthamoeba triangularis SH621,NA,NA,EuPathDB/BSgenome/v3.9/BSGenome.Acanthamoeba.triangularis.SH621.v42/single_sequences.2bit,EuPathDB/GRanges/v3.9/GRanges.Acanthamoeba.triangularis.SH621.v42.rda,EuPathDB/OrganismDbi/v3.9/amoebadb.Acanthamoeba.triangularis.SH621.v42/graphInfo.rda,EuPathDB/OrgDb/v3.9/org.Atriangularis.SH621.v42.eg.sqlite,EuPathDB/TxDb/v3.9/TxDb.Acanthamoeba.triangularis.SH621.AmoebaDB.v42.sqlite,Acanthamoeba triangularis SH621,Transcript information for Acanthamoeba triangularis SH621,AmoebaDB 42 transcript information for Acanthamoeba triangularis SH621,GRanges,GRanges,GRanges.Acanthamoeba.triangularis.SH621.v42.rda,EuPathDB/GRanges/v3.9/GRanges.Acanthamoeba.triangularis.SH621.v42.rda
v3.9,AmoebaDB-44_EdisparSAW760,10262,8748,GFF,http://AmoebaDB.org/common/downloads/release-42/EdisparSAW760/gff/data/AmoebaDB-42_EdisparSAW760.gff,42,Entamoeba dispar SAW760,370354,TRUE,AmoebaDB,Keith Hughitt <khughitt@umd.edu>,Annotation:EuPathDB:Eukaryote:Pathogen:Parasite:Amoeba,BSGenome.Entamoeba.dispar.SAW760.v42,GRanges.Entamoeba.dispar.SAW760.v42.rda,amoebadb.Entamoeba.dispar.SAW760.v42,org.Edispar.SAW760.v42.eg.db,TxDb.Entamoeba.dispar.SAW760.AmoebaDB.v42,SAW760,Entamoeba dispar SAW760,NA,NA,EuPathDB/BSgenome/v3.9/BSGenome.Entamoeba.dispar.SAW760.v42/single_sequences.2bit,EuPathDB/GRanges/v3.9/GRanges.Entamoeba.dispar.SAW760.v42.rda,EuPathDB/OrganismDbi/v3.9/amoebadb.Entamoeba.dispar.SAW760.v42/graphInfo.rda,EuPathDB/OrgDb/v3.9/org.Edispar.SAW760.v42.eg.sqlite,EuPathDB/TxDb/v3.9/TxDb.Entamoeba.dispar.SAW760.AmoebaDB.v42.sqlite,Entamoeba dispar SAW760,Transcript information for Entamoeba dispar SAW760,AmoebaDB 42 transcript information for Entamoeba dispar SAW760,GRanges,GRanges,GRanges.Entamoeba.dispar.SAW760.v42.rda,EuPathDB/GRanges/v3.9/GRanges.Entamoeba.dispar.SAW760.v42.rda
v3.9,AmoebaDB-44_EhistolyticaDS4,NA,NA,GFF,http://AmoebaDB.org/common/downloads/release-42/EhistolyticaDS4/gff/data/AmoebaDB-42_EhistolyticaDS4.gff,42,Entamoeba histolytica DS4-868,885310,TRUE,AmoebaDB,Keith Hughitt <khughitt@umd.edu>,Annotation:EuPathDB:Eukaryote:Pathogen:Parasite:Amoeba,BSGenome.Entamoeba.histolytica.DS4.868.v42,GRanges.Entamoeba.histolytica.DS4.868.v42.rda,amoebadb.Entamoeba.histolytica.DS4.868.v42,org.Ehistolytica.DS4.868.v42.eg.db,TxDb.Entamoeba.histolytica.DS4.868.AmoebaDB.v42,DS4.868,Entamoeba histolytica DS4 868,NA,NA,EuPathDB/BSgenome/v3.9/BSGenome.Entamoeba.histolytica.DS4.868.v42/single_sequences.2bit,EuPathDB/GRanges/v3.9/GRanges.Entamoeba.histolytica.DS4.868.v42.rda,EuPathDB/OrganismDbi/v3.9/amoebadb.Entamoeba.histolytica.DS4.868.v42/graphInfo.rda,EuPathDB/OrgDb/v3.9/org.Ehistolytica.DS4.868.v42.eg.sqlite,EuPathDB/TxDb/v3.9/TxDb.Entamoeba.histolytica.DS4.868.AmoebaDB.v42.sqlite,Entamoeba histolytica DS4-868,Transcript information for Entamoeba histolytica DS4 868,AmoebaDB 42 transcript information for Entamoeba histolytica DS4 868,GRanges,GRanges,GRanges.Entamoeba.histolytica.DS4.868.v42.rda,EuPathDB/GRanges/v3.9/GRanges.Entamoeba.histolytica.DS4.868.v42.rda
v3.9,AmoebaDB-44_EhistolyticaHM1CA,NA,NA,GFF,http://AmoebaDB.org/common/downloads/release-42/EhistolyticaHM1CA/gff/data/AmoebaDB-42_EhistolyticaHM1CA.gff,42,Entamoeba histolytica,5759,TRUE,AmoebaDB,Keith Hughitt <khughitt@umd.edu>,Annotation:EuPathDB:Eukaryote:Pathogen:Parasite:Amoeba,BSGenome.Entamoeba.histolytica.HM.1CA.v42,GRanges.Entamoeba.histolytica.HM.1CA.v42.rda,amoebadb.Entamoeba.histolytica.HM.1CA.v42,org.Ehistolytica.HM.1CA.v42.eg.db,TxDb.Entamoeba.histolytica.HM.1CA.AmoebaDB.v42,HM.1CA,Entamoeba histolytica HM 1CA,NA,NA,EuPathDB/BSgenome/v3.9/BSGenome.Entamoeba.histolytica.HM.1CA.v42/single_sequences.2bit,EuPathDB/GRanges/v3.9/GRanges.Entamoeba.histolytica.HM.1CA.v42.rda,EuPathDB/OrganismDbi/v3.9/amoebadb.Entamoeba.histolytica.HM.1CA.v42/graphInfo.rda,EuPathDB/OrgDb/v3.9/org.Ehistolytica.HM.1CA.v42.eg.sqlite,EuPathDB/TxDb/v3.9/TxDb.Entamoeba.histolytica.HM.1CA.AmoebaDB.v42.sqlite,Entamoeba histolytica HM-1:CA,Transcript information for Entamoeba histolytica HM 1CA,AmoebaDB 42 transcript information for Entamoeba histolytica HM 1CA,GRanges,GRanges,GRanges.Entamoeba.histolytica.HM.1CA.v42.rda,EuPathDB/GRanges/v3.9/GRanges.Entamoeba.histolytica.HM.1CA.v42.rda
v3.9,AmoebaDB-44_EhistolyticaKU48,NA,NA,GFF,http://AmoebaDB.org/common/downloads/release-42/EhistolyticaKU48/gff/data/AmoebaDB-42_EhistolyticaKU48.gff,42,Entamoeba histolytica KU48,885312,TRUE,AmoebaDB,Keith Hughitt <khughitt@umd.edu>,Annotation:EuPathDB:Eukaryote:Pathogen:Parasite:Amoeba,BSGenome.Entamoeba.histolytica.KU48.v42,GRanges.Entamoeba.histolytica.KU48.v42.rda,amoebadb.Entamoeba.histolytica.KU48.v42,org.Ehistolytica.KU48.v42.eg.db,TxDb.Entamoeba.histolytica.KU48.AmoebaDB.v42,KU48,Entamoeba histolytica KU48,NA,NA,EuPathDB/BSgenome/v3.9/BSGenome.Entamoeba.histolytica.KU48.v42/single_sequences.2bit,EuPathDB/GRanges/v3.9/GRanges.Entamoeba.histolytica.KU48.v42.rda,EuPathDB/OrganismDbi/v3.9/amoebadb.Entamoeba.histolytica.KU48.v42/graphInfo.rda,EuPathDB/OrgDb/v3.9/org.Ehistolytica.KU48.v42.eg.sqlite,EuPathDB/TxDb/v3.9/TxDb.Entamoeba.histolytica.KU48.AmoebaDB.v42.sqlite,Entamoeba histolytica KU48,Transcript information for Entamoeba histolytica KU48,AmoebaDB 42 transcript information for Entamoeba histolytica KU48,GRanges,GRanges,GRanges.Entamoeba.histolytica.KU48.v42.rda,EuPathDB/GRanges/v3.9/GRanges.Entamoeba.histolytica.KU48.v42.rda
v3.9,AmoebaDB-44_EhistolyticaKU50,NA,NA,GFF,http://AmoebaDB.org/common/downloads/release-42/EhistolyticaKU50/gff/data/AmoebaDB-42_EhistolyticaKU50.gff,42,Entamoeba histolytica KU50,885313,TRUE,AmoebaDB,Keith Hughitt <khughitt@umd.edu>,Annotation:EuPathDB:Eukaryote:Pathogen:Parasite:Amoeba,BSGenome.Entamoeba.histolytica.KU50.v42,GRanges.Entamoeba.histolytica.KU50.v42.rda,amoebadb.Entamoeba.histolytica.KU50.v42,org.Ehistolytica.KU50.v42.eg.db,TxDb.Entamoeba.histolytica.KU50.AmoebaDB.v42,KU50,Entamoeba histolytica KU50,NA,NA,EuPathDB/BSgenome/v3.9/BSGenome.Entamoeba.histolytica.KU50.v42/single_sequences.2bit,EuPathDB/GRanges/v3.9/GRanges.Entamoeba.histolytica.KU50.v42.rda,EuPathDB/OrganismDbi/v3.9/amoebadb.Entamoeba.histolytica.KU50.v42/graphInfo.rda,EuPathDB/OrgDb/v3.9/org.Ehistolytica.KU50.v42.eg.sqlite,EuPathDB/TxDb/v3.9/TxDb.Entamoeba.histolytica.KU50.AmoebaDB.v42.sqlite,Entamoeba histolytica KU50,Transcript information for Entamoeba histolytica KU50,AmoebaDB 42 transcript information for Entamoeba histolytica KU50,GRanges,GRanges,GRanges.Entamoeba.histolytica.KU50.v42.rda,EuPathDB/GRanges/v3.9/GRanges.Entamoeba.histolytica.KU50.v42.rda
v3.9,AmoebaDB-44_EhistolyticaMS96,NA,NA,GFF,http://AmoebaDB.org/common/downloads/release-42/EhistolyticaMS96/gff/data/AmoebaDB-42_EhistolyticaMS96.gff,42,Entamoeba histolytica MS96-3382,885314,TRUE,AmoebaDB,Keith Hughitt <khughitt@umd.edu>,Annotation:EuPathDB:Eukaryote:Pathogen:Parasite:Amoeba,BSGenome.Entamoeba.histolytica.MS96.3382.v42,GRanges.Entamoeba.histolytica.MS96.3382.v42.rda,amoebadb.Entamoeba.histolytica.MS96.3382.v42,org.Ehistolytica.MS96.3382.v42.eg.db,TxDb.Entamoeba.histolytica.MS96.3382.AmoebaDB.v42,MS96.3382,Entamoeba histolytica MS96 3382,NA,NA,EuPathDB/BSgenome/v3.9/BSGenome.Entamoeba.histolytica.MS96.3382.v42/single_sequences.2bit,EuPathDB/GRanges/v3.9/GRanges.Entamoeba.histolytica.MS96.3382.v42.rda,EuPathDB/OrganismDbi/v3.9/amoebadb.Entamoeba.histolytica.MS96.3382.v42/graphInfo.rda,EuPathDB/OrgDb/v3.9/org.Ehistolytica.MS96.3382.v42.eg.sqlite,EuPathDB/TxDb/v3.9/TxDb.Entamoeba.histolytica.MS96.3382.AmoebaDB.v42.sqlite,Entamoeba histolytica MS96-3382,Transcript information for Entamoeba histolytica MS96 3382,AmoebaDB 42 transcript information for Entamoeba histolytica MS96 3382,GRanges,GRanges,GRanges.Entamoeba.histolytica.MS96.3382.v42.rda,EuPathDB/GRanges/v3.9/GRanges.Entamoeba.histolytica.MS96.3382.v42.rda
v3.9,AmoebaDB-44_EhistolyticaRahman,NA,NA,GFF,http://AmoebaDB.org/common/downloads/release-42/EhistolyticaRahman/gff/data/AmoebaDB-42_EhistolyticaRahman.gff,42,Entamoeba histolytica,5759,TRUE,AmoebaDB,Keith Hughitt <khughitt@umd.edu>,Annotation:EuPathDB:Eukaryote:Pathogen:Parasite:Amoeba,BSGenome.Entamoeba.histolytica.Rahman.v42,GRanges.Entamoeba.histolytica.Rahman.v42.rda,amoebadb.Entamoeba.histolytica.Rahman.v42,org.Ehistolytica.Rahman.v42.eg.db,TxDb.Entamoeba.histolytica.Rahman.AmoebaDB.v42,Rahman,Entamoeba histolytica Rahman,NA,NA,EuPathDB/BSgenome/v3.9/BSGenome.Entamoeba.histolytica.Rahman.v42/single_sequences.2bit,EuPathDB/GRanges/v3.9/GRanges.Entamoeba.histolytica.Rahman.v42.rda,EuPathDB/OrganismDbi/v3.9/amoebadb.Entamoeba.histolytica.Rahman.v42/graphInfo.rda,EuPathDB/OrgDb/v3.9/org.Ehistolytica.Rahman.v42.eg.sqlite,EuPathDB/TxDb/v3.9/TxDb.Entamoeba.histolytica.Rahman.AmoebaDB.v42.sqlite,Entamoeba histolytica Rahman,Transcript information for Entamoeba histolytica Rahman,AmoebaDB 42 transcript information for Entamoeba histolytica Rahman,GRanges,GRanges,GRanges.Entamoeba.histolytica.Rahman.v42.rda,EuPathDB/GRanges/v3.9/GRanges.Entamoeba.histolytica.Rahman.v42.rda
v3.9,CryptoDB-44_CbaileyiTAMU-09Q1,NA,NA,GFF,http://CryptoDB.org/common/downloads/release-42/CbaileyiTAMU-09Q1/gff/data/CryptoDB-42_CbaileyiTAMU-09Q1.gff,42,Cryptosporidium baileyi,27987,TRUE,CryptoDB,Keith Hughitt <khughitt@umd.edu>,Annotation:EuPathDB:Eukaryote:Pathogen:Parasite:Cryptosporidium,BSGenome.Cryptosporidium.baileyi.TAMU.09Q1.v42,GRanges.Cryptosporidium.baileyi.TAMU.09Q1.v42.rda,cryptodb.Cryptosporidium.baileyi.TAMU.09Q1.v42,org.Cbaileyi.TAMU.09Q1.v42.eg.db,TxDb.Cryptosporidium.baileyi.TAMU.09Q1.CryptoDB.v42,TAMU.09Q1,Cryptosporidium baileyi TAMU 09Q1,NA,NA,EuPathDB/BSgenome/v3.9/BSGenome.Cryptosporidium.baileyi.TAMU.09Q1.v42/single_sequences.2bit,EuPathDB/GRanges/v3.9/GRanges.Cryptosporidium.baileyi.TAMU.09Q1.v42.rda,EuPathDB/OrganismDbi/v3.9/cryptodb.Cryptosporidium.baileyi.TAMU.09Q1.v42/graphInfo.rda,EuPathDB/OrgDb/v3.9/org.Cbaileyi.TAMU.09Q1.v42.eg.sqlite,EuPathDB/TxDb/v3.9/TxDb.Cryptosporidium.baileyi.TAMU.09Q1.CryptoDB.v42.sqlite,Cryptosporidium baileyi TAMU-09Q1,Transcript information for Cryptosporidium baileyi TAMU 09Q1,CryptoDB 42 transcript information for Cryptosporidium baileyi TAMU 09Q1,GRanges,GRanges,GRanges.Cryptosporidium.baileyi.TAMU.09Q1.v42.rda,EuPathDB/GRanges/v3.9/GRanges.Cryptosporidium.baileyi.TAMU.09Q1.v42.rda
v3.9,CryptoDB-44_Chominis37999,NA,NA,GFF,http://CryptoDB.org/common/downloads/release-42/Chominis37999/gff/data/CryptoDB-42_Chominis37999.gff,42,Cryptosporidium hominis,237895,TRUE,CryptoDB,Keith Hughitt <khughitt@umd.edu>,Annotation:EuPathDB:Eukaryote:Pathogen:Parasite:Cryptosporidium,BSGenome.Cryptosporidium.hominis.37999.v42,GRanges.Cryptosporidium.hominis.37999.v42.rda,cryptodb.Cryptosporidium.hominis.37999.v42,org.Chominis.37999.v42.eg.db,TxDb.Cryptosporidium.hominis.37999.CryptoDB.v42,37999,Cryptosporidium hominis 37999,NA,NA,EuPathDB/BSgenome/v3.9/BSGenome.Cryptosporidium.hominis.37999.v42/single_sequences.2bit,EuPathDB/GRanges/v3.9/GRanges.Cryptosporidium.hominis.37999.v42.rda,EuPathDB/OrganismDbi/v3.9/cryptodb.Cryptosporidium.hominis.37999.v42/graphInfo.rda,EuPathDB/OrgDb/v3.9/org.Chominis.37999.v42.eg.sqlite,EuPathDB/TxDb/v3.9/TxDb.Cryptosporidium.hominis.37999.CryptoDB.v42.sqlite,Cryptosporidium hominis 37999,Transcript information for Cryptosporidium hominis 37999,CryptoDB 42 transcript information for Cryptosporidium hominis 37999,GRanges,GRanges,GRanges.Cryptosporidium.hominis.37999.v42.rda,EuPathDB/GRanges/v3.9/GRanges.Cryptosporidium.hominis.37999.v42.rda
v3.9,CryptoDB-44_ChominisUKH1,NA,NA,GFF,http://CryptoDB.org/common/downloads/release-42/ChominisUKH1/gff/data/CryptoDB-42_ChominisUKH1.gff,42,Cryptosporidium hominis,237895,TRUE,CryptoDB,Keith Hughitt <khughitt@umd.edu>,Annotation:EuPathDB:Eukaryote:Pathogen:Parasite:Cryptosporidium,BSGenome.Cryptosporidium.hominis.UKH1.v42,GRanges.Cryptosporidium.hominis.UKH1.v42.rda,cryptodb.Cryptosporidium.hominis.UKH1.v42,org.Chominis.UKH1.v42.eg.db,TxDb.Cryptosporidium.hominis.UKH1.CryptoDB.v42,UKH1,Cryptosporidium hominis UKH1,NA,NA,EuPathDB/BSgenome/v3.9/BSGenome.Cryptosporidium.hominis.UKH1.v42/single_sequences.2bit,EuPathDB/GRanges/v3.9/GRanges.Cryptosporidium.hominis.UKH1.v42.rda,EuPathDB/OrganismDbi/v3.9/cryptodb.Cryptosporidium.hominis.UKH1.v42/graphInfo.rda,EuPathDB/OrgDb/v3.9/org.Chominis.UKH1.v42.eg.sqlite,EuPathDB/TxDb/v3.9/TxDb.Cryptosporidium.hominis.UKH1.CryptoDB.v42.sqlite,Cryptosporidium hominis UKH1,Transcript information for Cryptosporidium hominis UKH1,CryptoDB 42 transcript information for Cryptosporidium hominis UKH1,GRanges,GRanges,GRanges.Cryptosporidium.hominis.UKH1.v42.rda,EuPathDB/GRanges/v3.9/GRanges.Cryptosporidium.hominis.UKH1.v42.rda
v3.9,CryptoDB-44_CspchipmunkLX2015,NA,NA,GFF,http://CryptoDB.org/common/downloads/release-42/CspchipmunkLX2015/gff/data/CryptoDB-42_CspchipmunkLX2015.gff,42,Cryptosporidium sp. chipmunk LX-2015,1603071,TRUE,CryptoDB,Keith Hughitt <khughitt@umd.edu>,Annotation:EuPathDB:Eukaryote:Pathogen:Parasite:Cryptosporidium,BSGenome.Cryptosporidium.sp.chipmunk.LX.2015.v42,GRanges.Cryptosporidium.sp.chipmunk.LX.2015.v42.rda,cryptodb.Cryptosporidium.sp.chipmunk.LX.2015.v42,org.Csp.chipmunk.LX.2015.v42.eg.db,TxDb.Cryptosporidium.sp.chipmunk.LX.2015.CryptoDB.v42,chipmunk.LX.2015,Cryptosporidium sp chipmunk LX 2015,NA,NA,EuPathDB/BSgenome/v3.9/BSGenome.Cryptosporidium.sp.chipmunk.LX.2015.v42/single_sequences.2bit,EuPathDB/GRanges/v3.9/GRanges.Cryptosporidium.sp.chipmunk.LX.2015.v42.rda,EuPathDB/OrganismDbi/v3.9/cryptodb.Cryptosporidium.sp.chipmunk.LX.2015.v42/graphInfo.rda,EuPathDB/OrgDb/v3.9/org.Csp.chipmunk.LX.2015.v42.eg.sqlite,EuPathDB/TxDb/v3.9/TxDb.Cryptosporidium.sp.chipmunk.LX.2015.CryptoDB.v42.sqlite,Cryptosporidium sp. chipmunk LX-2015,Transcript information for Cryptosporidium sp chipmunk LX 2015,CryptoDB 42 transcript information for Cryptosporidium sp chipmunk LX 2015,GRanges,GRanges,GRanges.Cryptosporidium.sp.chipmunk.LX.2015.v42.rda,EuPathDB/GRanges/v3.9/GRanges.Cryptosporidium.sp.chipmunk.LX.2015.v42.rda
v3.9,FungiDB-44_AmutatusUAMH3576,NA,NA,GFF,http://FungiDB.org/common/downloads/release-42/AmutatusUAMH3576/gff/data/FungiDB-42_AmutatusUAMH3576.gff,42,Amauroascus mutatus,113399,TRUE,FungiDB,Keith Hughitt <khughitt@umd.edu>,Annotation:EuPathDB:Eukaryote:Pathogen:Parasite:Fungus:Fungi,BSGenome.Amauroascus.mutatus.isolate.UAMH.3576.v42,GRanges.Amauroascus.mutatus.isolate.UAMH.3576.v42.rda,fungidb.Amauroascus.mutatus.isolate.UAMH.3576.v42,org.Amutatus.isolate.UAMH.3576.v42.eg.db,TxDb.Amauroascus.mutatus.isolate.UAMH.3576.FungiDB.v42,isolate.UAMH.3576,Amauroascus mutatus isolate UAMH 3576,NA,NA,EuPathDB/BSgenome/v3.9/BSGenome.Amauroascus.mutatus.isolate.UAMH.3576.v42/single_sequences.2bit,EuPathDB/GRanges/v3.9/GRanges.Amauroascus.mutatus.isolate.UAMH.3576.v42.rda,EuPathDB/OrganismDbi/v3.9/fungidb.Amauroascus.mutatus.isolate.UAMH.3576.v42/graphInfo.rda,EuPathDB/OrgDb/v3.9/org.Amutatus.isolate.UAMH.3576.v42.eg.sqlite,EuPathDB/TxDb/v3.9/TxDb.Amauroascus.mutatus.isolate.UAMH.3576.FungiDB.v42.sqlite,Amauroascus mutatus isolate UAMH 3576,Transcript information for Amauroascus mutatus isolate UAMH 3576,FungiDB 42 transcript information for Amauroascus mutatus isolate UAMH 3576,GRanges,GRanges,GRanges.Amauroascus.mutatus.isolate.UAMH.3576.v42.rda,EuPathDB/GRanges/v3.9/GRanges.Amauroascus.mutatus.isolate.UAMH.3576.v42.rda
v3.9,FungiDB-44_AmnigerUAMH3544,NA,NA,GFF,http://FungiDB.org/common/downloads/release-42/AmnigerUAMH3544/gff/data/FungiDB-42_AmnigerUAMH3544.gff,42,Amauroascus niger,89421,TRUE,FungiDB,Keith Hughitt <khughitt@umd.edu>,Annotation:EuPathDB:Eukaryote:Pathogen:Parasite:Fungus:Fungi,BSGenome.Amauroascus.niger.isolate.UAMH.3544.v42,GRanges.Amauroascus.niger.isolate.UAMH.3544.v42.rda,fungidb.Amauroascus.niger.isolate.UAMH.3544.v42,org.Aniger.isolate.UAMH.3544.v42.eg.db,TxDb.Amauroascus.niger.isolate.UAMH.3544.FungiDB.v42,isolate.UAMH.3544,Amauroascus niger isolate UAMH 3544,NA,NA,EuPathDB/BSgenome/v3.9/BSGenome.Amauroascus.niger.isolate.UAMH.3544.v42/single_sequences.2bit,EuPathDB/GRanges/v3.9/GRanges.Amauroascus.niger.isolate.UAMH.3544.v42.rda,EuPathDB/OrganismDbi/v3.9/fungidb.Amauroascus.niger.isolate.UAMH.3544.v42/graphInfo.rda,EuPathDB/OrgDb/v3.9/org.Aniger.isolate.UAMH.3544.v42.eg.sqlite,EuPathDB/TxDb/v3.9/TxDb.Amauroascus.niger.isolate.UAMH.3544.FungiDB.v42.sqlite,Amauroascus niger isolate UAMH 3544,Transcript information for Amauroascus niger isolate UAMH 3544,FungiDB 42 transcript information for Amauroascus niger isolate UAMH 3544,GRanges,GRanges,GRanges.Amauroascus.niger.isolate.UAMH.3544.v42.rda,EuPathDB/GRanges/v3.9/GRanges.Amauroascus.niger.isolate.UAMH.3544.v42.rda
v3.9,FungiDB-44_AnigerATCC13496,12468,11822,GFF,http://FungiDB.org/common/downloads/release-42/AnigerATCC13496/gff/data/FungiDB-42_AnigerATCC13496.gff,42,Aspergillus niger ATCC 13496,1353008,TRUE,FungiDB,Keith Hughitt <khughitt@umd.edu>,Annotation:EuPathDB:Eukaryote:Pathogen:Parasite:Fungus:Fungi,BSGenome.Aspergillus.niger.ATCC.13496.v42,GRanges.Aspergillus.niger.ATCC.13496.v42.rda,fungidb.Aspergillus.niger.ATCC.13496.v42,org.Aniger.ATCC.13496.v42.eg.db,TxDb.Aspergillus.niger.ATCC.13496.FungiDB.v42,ATCC.13496,Aspergillus niger ATCC 13496,NA,NA,EuPathDB/BSgenome/v3.9/BSGenome.Aspergillus.niger.ATCC.13496.v42/single_sequences.2bit,EuPathDB/GRanges/v3.9/GRanges.Aspergillus.niger.ATCC.13496.v42.rda,EuPathDB/OrganismDbi/v3.9/fungidb.Aspergillus.niger.ATCC.13496.v42/graphInfo.rda,EuPathDB/OrgDb/v3.9/org.Aniger.ATCC.13496.v42.eg.sqlite,EuPathDB/TxDb/v3.9/TxDb.Aspergillus.niger.ATCC.13496.FungiDB.v42.sqlite,Aspergillus niger ATCC 13496,Transcript information for Aspergillus niger ATCC 13496,FungiDB 42 transcript information for Aspergillus niger ATCC 13496,GRanges,GRanges,GRanges.Aspergillus.niger.ATCC.13496.v42.rda,EuPathDB/GRanges/v3.9/GRanges.Aspergillus.niger.ATCC.13496.v42.rda
v3.9,FungiDB-44_CtropicalisMYA3404,6441,5992,GFF,http://FungiDB.org/common/downloads/release-42/CtropicalisMYA3404/gff/data/FungiDB-42_CtropicalisMYA3404.gff,42,Candida tropicalis MYA-3404,294747,TRUE,FungiDB,Keith Hughitt <khughitt@umd.edu>,Annotation:EuPathDB:Eukaryote:Pathogen:Parasite:Fungus:Fungi,BSGenome.Candida.tropicalis.MYA.3404.v42,GRanges.Candida.tropicalis.MYA.3404.v42.rda,fungidb.Candida.tropicalis.MYA.3404.v42,org.Ctropicalis.MYA.3404.v42.eg.db,TxDb.Candida.tropicalis.MYA.3404.FungiDB.v42,MYA.3404,Candida tropicalis MYA 3404,NA,NA,EuPathDB/BSgenome/v3.9/BSGenome.Candida.tropicalis.MYA.3404.v42/single_sequences.2bit,EuPathDB/GRanges/v3.9/GRanges.Candida.tropicalis.MYA.3404.v42.rda,EuPathDB/OrganismDbi/v3.9/fungidb.Candida.tropicalis.MYA.3404.v42/graphInfo.rda,EuPathDB/OrgDb/v3.9/org.Ctropicalis.MYA.3404.v42.eg.sqlite,EuPathDB/TxDb/v3.9/TxDb.Candida.tropicalis.MYA.3404.FungiDB.v42.sqlite,Candida tropicalis MYA-3404,Transcript information for Candida tropicalis MYA 3404,FungiDB 42 transcript information for Candida tropicalis MYA 3404,GRanges,GRanges,GRanges.Candida.tropicalis.MYA.3404.v42.rda,EuPathDB/GRanges/v3.9/GRanges.Candida.tropicalis.MYA.3404.v42.rda
v3.9,FungiDB-44_CcarrioniiKSF,11240,10048,GFF,http://FungiDB.org/common/downloads/release-42/CcarrioniiKSF/gff/data/FungiDB-42_CcarrioniiKSF.gff,42,Cladophialophora carrionii,86049,TRUE,FungiDB,Keith Hughitt <khughitt@umd.edu>,Annotation:EuPathDB:Eukaryote:Pathogen:Parasite:Fungus:Fungi,BSGenome.Cladophialophora.carrionii.KSF.v42,GRanges.Cladophialophora.carrionii.KSF.v42.rda,fungidb.Cladophialophora.carrionii.KSF.v42,org.Ccarrionii.KSF.v42.eg.db,TxDb.Cladophialophora.carrionii.KSF.FungiDB.v42,KSF,Cladophialophora carrionii KSF,NA,NA,EuPathDB/BSgenome/v3.9/BSGenome.Cladophialophora.carrionii.KSF.v42/single_sequences.2bit,EuPathDB/GRanges/v3.9/GRanges.Cladophialophora.carrionii.KSF.v42.rda,EuPathDB/OrganismDbi/v3.9/fungidb.Cladophialophora.carrionii.KSF.v42/graphInfo.rda,EuPathDB/OrgDb/v3.9/org.Ccarrionii.KSF.v42.eg.sqlite,EuPathDB/TxDb/v3.9/TxDb.Cladophialophora.carrionii.KSF.FungiDB.v42.sqlite,Cladophialophora carrionii KSF,Transcript information for Cladophialophora carrionii KSF,FungiDB 42 transcript information for Cladophialophora carrionii KSF,GRanges,GRanges,GRanges.Cladophialophora.carrionii.KSF.v42.rda,EuPathDB/GRanges/v3.9/GRanges.Cladophialophora.carrionii.KSF.v42.rda
v3.9,FungiDB-44_CimmundaCBS83496,12879,11864,GFF,http://FungiDB.org/common/downloads/release-42/CimmundaCBS83496/gff/data/FungiDB-42_CimmundaCBS83496.gff,42,Cladophialophora immunda,569365,TRUE,FungiDB,Keith Hughitt <khughitt@umd.edu>,Annotation:EuPathDB:Eukaryote:Pathogen:Parasite:Fungus:Fungi,BSGenome.Cladophialophora.immunda.CBS.83496.v42,GRanges.Cladophialophora.immunda.CBS.83496.v42.rda,fungidb.Cladophialophora.immunda.CBS.83496.v42,org.Cimmunda.CBS.83496.v42.eg.db,TxDb.Cladophialophora.immunda.CBS.83496.FungiDB.v42,strain.CBS.83496,Cladophialophora immunda CBS 83496,NA,NA,EuPathDB/BSgenome/v3.9/BSGenome.Cladophialophora.immunda.CBS.83496.v42/single_sequences.2bit,EuPathDB/GRanges/v3.9/GRanges.Cladophialophora.immunda.CBS.83496.v42.rda,EuPathDB/OrganismDbi/v3.9/fungidb.Cladophialophora.immunda.CBS.83496.v42/graphInfo.rda,EuPathDB/OrgDb/v3.9/org.Cimmunda.CBS.83496.v42.eg.sqlite,EuPathDB/TxDb/v3.9/TxDb.Cladophialophora.immunda.CBS.83496.FungiDB.v42.sqlite,Cladophialophora immunda strain CBS 83496,Transcript information for Cladophialophora immunda CBS 83496,FungiDB 42 transcript information for Cladophialophora immunda CBS 83496,GRanges,GRanges,GRanges.Cladophialophora.immunda.CBS.83496.v42.rda,EuPathDB/GRanges/v3.9/GRanges.Cladophialophora.immunda.CBS.83496.v42.rda
v3.9,FungiDB-44_CimmitisRMSCC2394,NA,NA,GFF,http://FungiDB.org/common/downloads/release-42/CimmitisRMSCC2394/gff/data/FungiDB-42_CimmitisRMSCC2394.gff,42,Coccidioides immitis RMSCC 2394,404692,TRUE,FungiDB,Keith Hughitt <khughitt@umd.edu>,Annotation:EuPathDB:Eukaryote:Pathogen:Parasite:Fungus:Fungi,BSGenome.Coccidioides.immitis.RMSCC.2394.v42,GRanges.Coccidioides.immitis.RMSCC.2394.v42.rda,fungidb.Coccidioides.immitis.RMSCC.2394.v42,org.Cimmitis.RMSCC.2394.v42.eg.db,TxDb.Coccidioides.immitis.RMSCC.2394.FungiDB.v42,RMSCC.2394,Coccidioides immitis RMSCC 2394,NA,NA,EuPathDB/BSgenome/v3.9/BSGenome.Coccidioides.immitis.RMSCC.2394.v42/single_sequences.2bit,EuPathDB/GRanges/v3.9/GRanges.Coccidioides.immitis.RMSCC.2394.v42.rda,EuPathDB/OrganismDbi/v3.9/fungidb.Coccidioides.immitis.RMSCC.2394.v42/graphInfo.rda,EuPathDB/OrgDb/v3.9/org.Cimmitis.RMSCC.2394.v42.eg.sqlite,EuPathDB/TxDb/v3.9/TxDb.Coccidioides.immitis.RMSCC.2394.FungiDB.v42.sqlite,Coccidioides immitis RMSCC 2394,Transcript information for Coccidioides immitis RMSCC 2394,FungiDB 42 transcript information for Coccidioides immitis RMSCC 2394,GRanges,GRanges,GRanges.Coccidioides.immitis.RMSCC.2394.v42.rda,EuPathDB/GRanges/v3.9/GRanges.Coccidioides.immitis.RMSCC.2394.v42.rda
v3.9,FungiDB-44_CimmitisRMSCC3703,NA,NA,GFF,http://FungiDB.org/common/downloads/release-42/CimmitisRMSCC3703/gff/data/FungiDB-42_CimmitisRMSCC3703.gff,42,Coccidioides immitis RMSCC 3703,454286,TRUE,FungiDB,Keith Hughitt <khughitt@umd.edu>,Annotation:EuPathDB:Eukaryote:Pathogen:Parasite:Fungus:Fungi,BSGenome.Coccidioides.immitis.RMSCC.3703.v42,GRanges.Coccidioides.immitis.RMSCC.3703.v42.rda,fungidb.Coccidioides.immitis.RMSCC.3703.v42,org.Cimmitis.RMSCC.3703.v42.eg.db,TxDb.Coccidioides.immitis.RMSCC.3703.FungiDB.v42,RMSCC.3703,Coccidioides immitis RMSCC 3703,NA,NA,EuPathDB/BSgenome/v3.9/BSGenome.Coccidioides.immitis.RMSCC.3703.v42/single_sequences.2bit,EuPathDB/GRanges/v3.9/GRanges.Coccidioides.immitis.RMSCC.3703.v42.rda,EuPathDB/OrganismDbi/v3.9/fungidb.Coccidioides.immitis.RMSCC.3703.v42/graphInfo.rda,EuPathDB/OrgDb/v3.9/org.Cimmitis.RMSCC.3703.v42.eg.sqlite,EuPathDB/TxDb/v3.9/TxDb.Coccidioides.immitis.RMSCC.3703.FungiDB.v42.sqlite,Coccidioides immitis RMSCC 3703,Transcript information for Coccidioides immitis RMSCC 3703,FungiDB 42 transcript information for Coccidioides immitis RMSCC 3703,GRanges,GRanges,GRanges.Coccidioides.immitis.RMSCC.3703.v42.rda,EuPathDB/GRanges/v3.9/GRanges.Coccidioides.immitis.RMSCC.3703.v42.rda
v3.9,FungiDB-44_CposadasiiCPA0001,NA,NA,GFF,http://FungiDB.org/common/downloads/release-42/CposadasiiCPA0001/gff/data/FungiDB-42_CposadasiiCPA0001.gff,42,Coccidioides posadasii CPA 0001,469472,TRUE,FungiDB,Keith Hughitt <khughitt@umd.edu>,Annotation:EuPathDB:Eukaryote:Pathogen:Parasite:Fungus:Fungi,BSGenome.Coccidioides.posadasii.CPA.0001.v42,GRanges.Coccidioides.posadasii.CPA.0001.v42.rda,fungidb.Coccidioides.posadasii.CPA.0001.v42,org.Cposadasii.CPA.0001.v42.eg.db,TxDb.Coccidioides.posadasii.CPA.0001.FungiDB.v42,CPA.0001,Coccidioides posadasii CPA 0001,NA,NA,EuPathDB/BSgenome/v3.9/BSGenome.Coccidioides.posadasii.CPA.0001.v42/single_sequences.2bit,EuPathDB/GRanges/v3.9/GRanges.Coccidioides.posadasii.CPA.0001.v42.rda,EuPathDB/OrganismDbi/v3.9/fungidb.Coccidioides.posadasii.CPA.0001.v42/graphInfo.rda,EuPathDB/OrgDb/v3.9/org.Cposadasii.CPA.0001.v42.eg.sqlite,EuPathDB/TxDb/v3.9/TxDb.Coccidioides.posadasii.CPA.0001.FungiDB.v42.sqlite,Coccidioides posadasii CPA 0001,Transcript information for Coccidioides posadasii CPA 0001,FungiDB 42 transcript information for Coccidioides posadasii CPA 0001,GRanges,GRanges,GRanges.Coccidioides.posadasii.CPA.0001.v42.rda,EuPathDB/GRanges/v3.9/GRanges.Coccidioides.posadasii.CPA.0001.v42.rda
v3.9,FungiDB-44_CposadasiiCPA0020,NA,NA,GFF,http://FungiDB.org/common/downloads/release-42/CposadasiiCPA0020/gff/data/FungiDB-42_CposadasiiCPA0020.gff,42,Coccidioides posadasii CPA 0020,490068,TRUE,FungiDB,Keith Hughitt <khughitt@umd.edu>,Annotation:EuPathDB:Eukaryote:Pathogen:Parasite:Fungus:Fungi,BSGenome.Coccidioides.posadasii.CPA.0020.v42,GRanges.Coccidioides.posadasii.CPA.0020.v42.rda,fungidb.Coccidioides.posadasii.CPA.0020.v42,org.Cposadasii.CPA.0020.v42.eg.db,TxDb.Coccidioides.posadasii.CPA.0020.FungiDB.v42,CPA.0020,Coccidioides posadasii CPA 0020,NA,NA,EuPathDB/BSgenome/v3.9/BSGenome.Coccidioides.posadasii.CPA.0020.v42/single_sequences.2bit,EuPathDB/GRanges/v3.9/GRanges.Coccidioides.posadasii.CPA.0020.v42.rda,EuPathDB/OrganismDbi/v3.9/fungidb.Coccidioides.posadasii.CPA.0020.v42/graphInfo.rda,EuPathDB/OrgDb/v3.9/org.Cposadasii.CPA.0020.v42.eg.sqlite,EuPathDB/TxDb/v3.9/TxDb.Coccidioides.posadasii.CPA.0020.FungiDB.v42.sqlite,Coccidioides posadasii CPA 0020,Transcript information for Coccidioides posadasii CPA 0020,FungiDB 42 transcript information for Coccidioides posadasii CPA 0020,GRanges,GRanges,GRanges.Coccidioides.posadasii.CPA.0020.v42.rda,EuPathDB/GRanges/v3.9/GRanges.Coccidioides.posadasii.CPA.0020.v42.rda
v3.9,FungiDB-44_CposadasiiCPA0066,NA,NA,GFF,http://FungiDB.org/common/downloads/release-42/CposadasiiCPA0066/gff/data/FungiDB-42_CposadasiiCPA0066.gff,42,Coccidioides posadasii CPA 0066,490069,TRUE,FungiDB,Keith Hughitt <khughitt@umd.edu>,Annotation:EuPathDB:Eukaryote:Pathogen:Parasite:Fungus:Fungi,BSGenome.Coccidioides.posadasii.CPA.0066.v42,GRanges.Coccidioides.posadasii.CPA.0066.v42.rda,fungidb.Coccidioides.posadasii.CPA.0066.v42,org.Cposadasii.CPA.0066.v42.eg.db,TxDb.Coccidioides.posadasii.CPA.0066.FungiDB.v42,CPA.0066,Coccidioides posadasii CPA 0066,NA,NA,EuPathDB/BSgenome/v3.9/BSGenome.Coccidioides.posadasii.CPA.0066.v42/single_sequences.2bit,EuPathDB/GRanges/v3.9/GRanges.Coccidioides.posadasii.CPA.0066.v42.rda,EuPathDB/OrganismDbi/v3.9/fungidb.Coccidioides.posadasii.CPA.0066.v42/graphInfo.rda,EuPathDB/OrgDb/v3.9/org.Cposadasii.CPA.0066.v42.eg.sqlite,EuPathDB/TxDb/v3.9/TxDb.Coccidioides.posadasii.CPA.0066.FungiDB.v42.sqlite,Coccidioides posadasii CPA 0066,Transcript information for Coccidioides posadasii CPA 0066,FungiDB 42 transcript information for Coccidioides posadasii CPA 0066,GRanges,GRanges,GRanges.Coccidioides.posadasii.CPA.0066.v42.rda,EuPathDB/GRanges/v3.9/GRanges.Coccidioides.posadasii.CPA.0066.v42.rda
v3.9,FungiDB-44_CposadasiiRMSCC1037,NA,NA,GFF,http://FungiDB.org/common/downloads/release-42/CposadasiiRMSCC1037/gff/data/FungiDB-42_CposadasiiRMSCC1037.gff,42,Coccidioides posadasii RMSCC 1037,490065,TRUE,FungiDB,Keith Hughitt <khughitt@umd.edu>,Annotation:EuPathDB:Eukaryote:Pathogen:Parasite:Fungus:Fungi,BSGenome.Coccidioides.posadasii.RMSCC.1037.v42,GRanges.Coccidioides.posadasii.RMSCC.1037.v42.rda,fungidb.Coccidioides.posadasii.RMSCC.1037.v42,org.Cposadasii.RMSCC.1037.v42.eg.db,TxDb.Coccidioides.posadasii.RMSCC.1037.FungiDB.v42,RMSCC.1037,Coccidioides posadasii RMSCC 1037,NA,NA,EuPathDB/BSgenome/v3.9/BSGenome.Coccidioides.posadasii.RMSCC.1037.v42/single_sequences.2bit,EuPathDB/GRanges/v3.9/GRanges.Coccidioides.posadasii.RMSCC.1037.v42.rda,EuPathDB/OrganismDbi/v3.9/fungidb.Coccidioides.posadasii.RMSCC.1037.v42/graphInfo.rda,EuPathDB/OrgDb/v3.9/org.Cposadasii.RMSCC.1037.v42.eg.sqlite,EuPathDB/TxDb/v3.9/TxDb.Coccidioides.posadasii.RMSCC.1037.FungiDB.v42.sqlite,Coccidioides posadasii RMSCC 1037,Transcript information for Coccidioides posadasii RMSCC 1037,FungiDB 42 transcript information for Coccidioides posadasii RMSCC 1037,GRanges,GRanges,GRanges.Coccidioides.posadasii.RMSCC.1037.v42.rda,EuPathDB/GRanges/v3.9/GRanges.Coccidioides.posadasii.RMSCC.1037.v42.rda
v3.9,FungiDB-44_CposadasiiRMSCC1038,NA,NA,GFF,http://FungiDB.org/common/downloads/release-42/CposadasiiRMSCC1038/gff/data/FungiDB-42_CposadasiiRMSCC1038.gff,42,Coccidioides posadasii RMSCC 1038,490066,TRUE,FungiDB,Keith Hughitt <khughitt@umd.edu>,Annotation:EuPathDB:Eukaryote:Pathogen:Parasite:Fungus:Fungi,BSGenome.Coccidioides.posadasii.RMSCC.1038.v42,GRanges.Coccidioides.posadasii.RMSCC.1038.v42.rda,fungidb.Coccidioides.posadasii.RMSCC.1038.v42,org.Cposadasii.RMSCC.1038.v42.eg.db,TxDb.Coccidioides.posadasii.RMSCC.1038.FungiDB.v42,RMSCC.1038,Coccidioides posadasii RMSCC 1038,NA,NA,EuPathDB/BSgenome/v3.9/BSGenome.Coccidioides.posadasii.RMSCC.1038.v42/single_sequences.2bit,EuPathDB/GRanges/v3.9/GRanges.Coccidioides.posadasii.RMSCC.1038.v42.rda,EuPathDB/OrganismDbi/v3.9/fungidb.Coccidioides.posadasii.RMSCC.1038.v42/graphInfo.rda,EuPathDB/OrgDb/v3.9/org.Cposadasii.RMSCC.1038.v42.eg.sqlite,EuPathDB/TxDb/v3.9/TxDb.Coccidioides.posadasii.RMSCC.1038.FungiDB.v42.sqlite,Coccidioides posadasii RMSCC 1038,Transcript information for Coccidioides posadasii RMSCC 1038,FungiDB 42 transcript information for Coccidioides posadasii RMSCC 1038,GRanges,GRanges,GRanges.Coccidioides.posadasii.RMSCC.1038.v42.rda,EuPathDB/GRanges/v3.9/GRanges.Coccidioides.posadasii.RMSCC.1038.v42.rda
v3.9,FungiDB-44_CposadasiiRMSCC2133,NA,NA,GFF,http://FungiDB.org/common/downloads/release-42/CposadasiiRMSCC2133/gff/data/FungiDB-42_CposadasiiRMSCC2133.gff,42,Coccidioides posadasii RMSCC 2133,469470,TRUE,FungiDB,Keith Hughitt <khughitt@umd.edu>,Annotation:EuPathDB:Eukaryote:Pathogen:Parasite:Fungus:Fungi,BSGenome.Coccidioides.posadasii.RMSCC.2133.v42,GRanges.Coccidioides.posadasii.RMSCC.2133.v42.rda,fungidb.Coccidioides.posadasii.RMSCC.2133.v42,org.Cposadasii.RMSCC.2133.v42.eg.db,TxDb.Coccidioides.posadasii.RMSCC.2133.FungiDB.v42,RMSCC.2133,Coccidioides posadasii RMSCC 2133,NA,NA,EuPathDB/BSgenome/v3.9/BSGenome.Coccidioides.posadasii.RMSCC.2133.v42/single_sequences.2bit,EuPathDB/GRanges/v3.9/GRanges.Coccidioides.posadasii.RMSCC.2133.v42.rda,EuPathDB/OrganismDbi/v3.9/fungidb.Coccidioides.posadasii.RMSCC.2133.v42/graphInfo.rda,EuPathDB/OrgDb/v3.9/org.Cposadasii.RMSCC.2133.v42.eg.sqlite,EuPathDB/TxDb/v3.9/TxDb.Coccidioides.posadasii.RMSCC.2133.FungiDB.v42.sqlite,Coccidioides posadasii RMSCC 2133,Transcript information for Coccidioides posadasii RMSCC 2133,FungiDB 42 transcript information for Coccidioides posadasii RMSCC 2133,GRanges,GRanges,GRanges.Coccidioides.posadasii.RMSCC.2133.v42.rda,EuPathDB/GRanges/v3.9/GRanges.Coccidioides.posadasii.RMSCC.2133.v42.rda
v3.9,FungiDB-44_CposadasiiRMSCC3700,NA,NA,GFF,http://FungiDB.org/common/downloads/release-42/CposadasiiRMSCC3700/gff/data/FungiDB-42_CposadasiiRMSCC3700.gff,42,Coccidioides posadasii RMSCC 3700,469471,TRUE,FungiDB,Keith Hughitt <khughitt@umd.edu>,Annotation:EuPathDB:Eukaryote:Pathogen:Parasite:Fungus:Fungi,BSGenome.Coccidioides.posadasii.RMSCC.3700.v42,GRanges.Coccidioides.posadasii.RMSCC.3700.v42.rda,fungidb.Coccidioides.posadasii.RMSCC.3700.v42,org.Cposadasii.RMSCC.3700.v42.eg.db,TxDb.Coccidioides.posadasii.RMSCC.3700.FungiDB.v42,RMSCC.3700,Coccidioides posadasii RMSCC 3700,NA,NA,EuPathDB/BSgenome/v3.9/BSGenome.Coccidioides.posadasii.RMSCC.3700.v42/single_sequences.2bit,EuPathDB/GRanges/v3.9/GRanges.Coccidioides.posadasii.RMSCC.3700.v42.rda,EuPathDB/OrganismDbi/v3.9/fungidb.Coccidioides.posadasii.RMSCC.3700.v42/graphInfo.rda,EuPathDB/OrgDb/v3.9/org.Cposadasii.RMSCC.3700.v42.eg.sqlite,EuPathDB/TxDb/v3.9/TxDb.Coccidioides.posadasii.RMSCC.3700.FungiDB.v42.sqlite,Coccidioides posadasii RMSCC 3700,Transcript information for Coccidioides posadasii RMSCC 3700,FungiDB 42 transcript information for Coccidioides posadasii RMSCC 3700,GRanges,GRanges,GRanges.Coccidioides.posadasii.RMSCC.3700.v42.rda,EuPathDB/GRanges/v3.9/GRanges.Coccidioides.posadasii.RMSCC.3700.v42.rda
v3.9,FungiDB-44_EoligospermaCBS72588,11938,11095,GFF,http://FungiDB.org/common/downloads/release-42/EoligospermaCBS72588/gff/data/FungiDB-42_EoligospermaCBS72588.gff,42,Exophiala oligosperma,215243,TRUE,FungiDB,Keith Hughitt <khughitt@umd.edu>,Annotation:EuPathDB:Eukaryote:Pathogen:Parasite:Fungus:Fungi,BSGenome.Exophiala.oligosperma.CBS.72588.v42,GRanges.Exophiala.oligosperma.CBS.72588.v42.rda,fungidb.Exophiala.oligosperma.CBS.72588.v42,org.Eoligosperma.CBS.72588.v42.eg.db,TxDb.Exophiala.oligosperma.CBS.72588.FungiDB.v42,strain.CBS.72588,Exophiala oligosperma CBS 72588,NA,NA,EuPathDB/BSgenome/v3.9/BSGenome.Exophiala.oligosperma.CBS.72588.v42/single_sequences.2bit,EuPathDB/GRanges/v3.9/GRanges.Exophiala.oligosperma.CBS.72588.v42.rda,EuPathDB/OrganismDbi/v3.9/fungidb.Exophiala.oligosperma.CBS.72588.v42/graphInfo.rda,EuPathDB/OrgDb/v3.9/org.Eoligosperma.CBS.72588.v42.eg.sqlite,EuPathDB/TxDb/v3.9/TxDb.Exophiala.oligosperma.CBS.72588.FungiDB.v42.sqlite,Exophiala oligosperma strain CBS 72588,Transcript information for Exophiala oligosperma CBS 72588,FungiDB 42 transcript information for Exophiala oligosperma CBS 72588,GRanges,GRanges,GRanges.Exophiala.oligosperma.CBS.72588.v42.rda,EuPathDB/GRanges/v3.9/GRanges.Exophiala.oligosperma.CBS.72588.v42.rda
v3.9,FungiDB-44_FpedrosoiCBS271-37,12573,11964,GFF,http://FungiDB.org/common/downloads/release-42/FpedrosoiCBS271-37/gff/data/FungiDB-42_FpedrosoiCBS271-37.gff,42,Fonsecaea pedrosoi CBS 271.37,1442368,TRUE,FungiDB,Keith Hughitt <khughitt@umd.edu>,Annotation:EuPathDB:Eukaryote:Pathogen:Parasite:Fungus:Fungi,BSGenome.Fonsecaea.pedrosoi.CBS.271.37.v42,GRanges.Fonsecaea.pedrosoi.CBS.271.37.v42.rda,fungidb.Fonsecaea.pedrosoi.CBS.271.37.v42,org.Fpedrosoi.CBS.271.37.v42.eg.db,TxDb.Fonsecaea.pedrosoi.CBS.271.37.FungiDB.v42,CBS.271.37,Fonsecaea pedrosoi CBS 271 37,NA,NA,EuPathDB/BSgenome/v3.9/BSGenome.Fonsecaea.pedrosoi.CBS.271.37.v42/single_sequences.2bit,EuPathDB/GRanges/v3.9/GRanges.Fonsecaea.pedrosoi.CBS.271.37.v42.rda,EuPathDB/OrganismDbi/v3.9/fungidb.Fonsecaea.pedrosoi.CBS.271.37.v42/graphInfo.rda,EuPathDB/OrgDb/v3.9/org.Fpedrosoi.CBS.271.37.v42.eg.sqlite,EuPathDB/TxDb/v3.9/TxDb.Fonsecaea.pedrosoi.CBS.271.37.FungiDB.v42.sqlite,Fonsecaea pedrosoi CBS 271.37,Transcript information for Fonsecaea pedrosoi CBS 271 37,FungiDB 42 transcript information for Fonsecaea pedrosoi CBS 271 37,GRanges,GRanges,GRanges.Fonsecaea.pedrosoi.CBS.271.37.v42.rda,EuPathDB/GRanges/v3.9/GRanges.Fonsecaea.pedrosoi.CBS.271.37.v42.rda
v3.9,FungiDB-44_KheveanensisCBS569,8002,7197,GFF,http://FungiDB.org/common/downloads/release-42/KheveanensisCBS569/gff/data/FungiDB-42_KheveanensisCBS569.gff,42,Cryptococcus heveanensis CBS 569,1296119,TRUE,FungiDB,Keith Hughitt <khughitt@umd.edu>,Annotation:EuPathDB:Eukaryote:Pathogen:Parasite:Fungus:Fungi,BSGenome.Kwoniella.heveanensis.CBS.569.v42,GRanges.Kwoniella.heveanensis.CBS.569.v42.rda,fungidb.Kwoniella.heveanensis.CBS.569.v42,org.Kheveanensis.CBS.569.v42.eg.db,TxDb.Kwoniella.heveanensis.CBS.569.FungiDB.v42,CBS.569,Kwoniella heveanensis CBS 569,NA,NA,EuPathDB/BSgenome/v3.9/BSGenome.Kwoniella.heveanensis.CBS.569.v42/single_sequences.2bit,EuPathDB/GRanges/v3.9/GRanges.Kwoniella.heveanensis.CBS.569.v42.rda,EuPathDB/OrganismDbi/v3.9/fungidb.Kwoniella.heveanensis.CBS.569.v42/graphInfo.rda,EuPathDB/OrgDb/v3.9/org.Kheveanensis.CBS.569.v42.eg.sqlite,EuPathDB/TxDb/v3.9/TxDb.Kwoniella.heveanensis.CBS.569.FungiDB.v42.sqlite,Kwoniella heveanensis CBS 569,Transcript information for Kwoniella heveanensis CBS 569,FungiDB 42 transcript information for Kwoniella heveanensis CBS 569,GRanges,GRanges,GRanges.Kwoniella.heveanensis.CBS.569.v42.rda,EuPathDB/GRanges/v3.9/GRanges.Kwoniella.heveanensis.CBS.569.v42.rda
v3.9,FungiDB-44_NalbidaJCM2334,NA,NA,GFF,http://FungiDB.org/common/downloads/release-42/NalbidaJCM2334/gff/data/FungiDB-42_NalbidaJCM2334.gff,42,Naganishia albida,100951,TRUE,FungiDB,Keith Hughitt <khughitt@umd.edu>,Annotation:EuPathDB:Eukaryote:Pathogen:Parasite:Fungus:Fungi,BSGenome.Naganishia.albida.JCM2334.v42,GRanges.Naganishia.albida.JCM2334.v42.rda,fungidb.Naganishia.albida.JCM2334.v42,org.Nalbida.JCM2334.v42.eg.db,TxDb.Naganishia.albida.JCM2334.FungiDB.v42,JCM2334,Naganishia albida JCM2334,NA,NA,EuPathDB/BSgenome/v3.9/BSGenome.Naganishia.albida.JCM2334.v42/single_sequences.2bit,EuPathDB/GRanges/v3.9/GRanges.Naganishia.albida.JCM2334.v42.rda,EuPathDB/OrganismDbi/v3.9/fungidb.Naganishia.albida.JCM2334.v42/graphInfo.rda,EuPathDB/OrgDb/v3.9/org.Nalbida.JCM2334.v42.eg.sqlite,EuPathDB/TxDb/v3.9/TxDb.Naganishia.albida.JCM2334.FungiDB.v42.sqlite,Naganishia albida JCM2334,Transcript information for Naganishia albida JCM2334,FungiDB 42 transcript information for Naganishia albida JCM2334,GRanges,GRanges,GRanges.Naganishia.albida.JCM2334.v42.rda,EuPathDB/GRanges/v3.9/GRanges.Naganishia.albida.JCM2334.v42.rda
v3.9,FungiDB-44_NalbidaNRRLY1402,NA,NA,GFF,http://FungiDB.org/common/downloads/release-42/NalbidaNRRLY1402/gff/data/FungiDB-42_NalbidaNRRLY1402.gff,42,Naganishia albida,100951,TRUE,FungiDB,Keith Hughitt <khughitt@umd.edu>,Annotation:EuPathDB:Eukaryote:Pathogen:Parasite:Fungus:Fungi,BSGenome.Naganishia.albida.NRRL.Y.1402.v42,GRanges.Naganishia.albida.NRRL.Y.1402.v42.rda,fungidb.Naganishia.albida.NRRL.Y.1402.v42,org.Nalbida.NRRL.Y.1402.v42.eg.db,TxDb.Naganishia.albida.NRRL.Y.1402.FungiDB.v42,NRRL.Y.1402,Naganishia albida NRRL Y 1402,NA,NA,EuPathDB/BSgenome/v3.9/BSGenome.Naganishia.albida.NRRL.Y.1402.v42/single_sequences.2bit,EuPathDB/GRanges/v3.9/GRanges.Naganishia.albida.NRRL.Y.1402.v42.rda,EuPathDB/OrganismDbi/v3.9/fungidb.Naganishia.albida.NRRL.Y.1402.v42/graphInfo.rda,EuPathDB/OrgDb/v3.9/org.Nalbida.NRRL.Y.1402.v42.eg.sqlite,EuPathDB/TxDb/v3.9/TxDb.Naganishia.albida.NRRL.Y.1402.FungiDB.v42.sqlite,Naganishia albida NRRL Y-1402,Transcript information for Naganishia albida NRRL Y 1402,FungiDB 42 transcript information for Naganishia albida NRRL Y 1402,GRanges,GRanges,GRanges.Naganishia.albida.NRRL.Y.1402.v42.rda,EuPathDB/GRanges/v3.9/GRanges.Naganishia.albida.NRRL.Y.1402.v42.rda
v3.9,FungiDB-44_PplurivoraAV1007,NA,NA,GFF,http://FungiDB.org/common/downloads/release-42/PplurivoraAV1007/gff/data/FungiDB-42_PplurivoraAV1007.gff,42,Phytophthora plurivora,639000,TRUE,FungiDB,Keith Hughitt <khughitt@umd.edu>,Annotation:EuPathDB:Eukaryote:Pathogen:Parasite:Fungus:Fungi,BSGenome.Phytophthora.plurivora.AV1007.v42,GRanges.Phytophthora.plurivora.AV1007.v42.rda,fungidb.Phytophthora.plurivora.AV1007.v42,org.Pplurivora.AV1007.v42.eg.db,TxDb.Phytophthora.plurivora.AV1007.FungiDB.v42,AV1007,Phytophthora plurivora AV1007,NA,NA,EuPathDB/BSgenome/v3.9/BSGenome.Phytophthora.plurivora.AV1007.v42/single_sequences.2bit,EuPathDB/GRanges/v3.9/GRanges.Phytophthora.plurivora.AV1007.v42.rda,EuPathDB/OrganismDbi/v3.9/fungidb.Phytophthora.plurivora.AV1007.v42/graphInfo.rda,EuPathDB/OrgDb/v3.9/org.Pplurivora.AV1007.v42.eg.sqlite,EuPathDB/TxDb/v3.9/TxDb.Phytophthora.plurivora.AV1007.FungiDB.v42.sqlite,Phytophthora plurivora AV1007,Transcript information for Phytophthora plurivora AV1007,FungiDB 42 transcript information for Phytophthora plurivora AV1007,GRanges,GRanges,GRanges.Phytophthora.plurivora.AV1007.v42.rda,EuPathDB/GRanges/v3.9/GRanges.Phytophthora.plurivora.AV1007.v42.rda
v3.9,FungiDB-44_Ptriticina1-1BBBDRace1,15692,13522,GFF,http://FungiDB.org/common/downloads/release-42/Ptriticina1-1BBBDRace1/gff/data/FungiDB-42_Ptriticina1-1BBBDRace1.gff,42,Puccinia triticina 1-1 BBBD Race 1,630390,TRUE,FungiDB,Keith Hughitt <khughitt@umd.edu>,Annotation:EuPathDB:Eukaryote:Pathogen:Parasite:Fungus:Fungi,BSGenome.Puccinia.triticina.1.1.BBBD.Race.1.v42,GRanges.Puccinia.triticina.1.1.BBBD.Race.1.v42.rda,fungidb.Puccinia.triticina.1.1.BBBD.Race.1.v42,org.Ptriticina.1.1.BBBD.Race.1.v42.eg.db,TxDb.Puccinia.triticina.1.1.BBBD.Race.1.FungiDB.v42,1.1.BBBD.Race.1,Puccinia triticina 1 1 BBBD Race 1,NA,NA,EuPathDB/BSgenome/v3.9/BSGenome.Puccinia.triticina.1.1.BBBD.Race.1.v42/single_sequences.2bit,EuPathDB/GRanges/v3.9/GRanges.Puccinia.triticina.1.1.BBBD.Race.1.v42.rda,EuPathDB/OrganismDbi/v3.9/fungidb.Puccinia.triticina.1.1.BBBD.Race.1.v42/graphInfo.rda,EuPathDB/OrgDb/v3.9/org.Ptriticina.1.1.BBBD.Race.1.v42.eg.sqlite,EuPathDB/TxDb/v3.9/TxDb.Puccinia.triticina.1.1.BBBD.Race.1.FungiDB.v42.sqlite,Puccinia triticina 1-1 BBBD Race 1,Transcript information for Puccinia triticina 1 1 BBBD Race 1,FungiDB 42 transcript information for Puccinia triticina 1 1 BBBD Race 1,GRanges,GRanges,GRanges.Puccinia.triticina.1.1.BBBD.Race.1.v42.rda,EuPathDB/GRanges/v3.9/GRanges.Puccinia.triticina.1.1.BBBD.Race.1.v42.rda
v3.9,FungiDB-44_RirregularisDAOM181602,26245,22423,GFF,http://FungiDB.org/common/downloads/release-42/RirregularisDAOM181602/gff/data/FungiDB-42_RirregularisDAOM181602.gff,42,Rhizophagus irregularis DAOM 181602=DAOM 197198,747089,TRUE,FungiDB,Keith Hughitt <khughitt@umd.edu>,Annotation:EuPathDB:Eukaryote:Pathogen:Parasite:Fungus:Fungi,BSGenome.Rhizophagus.irregularis.DAOM.181602DAOM.197198.v42,GRanges.Rhizophagus.irregularis.DAOM.181602DAOM.197198.v42.rda,fungidb.Rhizophagus.irregularis.DAOM.181602DAOM.197198.v42,org.Rirregularis.DAOM.181602DAOM.197198.v42.eg.db,TxDb.Rhizophagus.irregularis.DAOM.181602DAOM.197198.FungiDB.v42,DAOM.181602DAOM.197198,Rhizophagus irregularis DAOM 181602DAOM 197198,NA,NA,EuPathDB/BSgenome/v3.9/BSGenome.Rhizophagus.irregularis.DAOM.181602DAOM.197198.v42/single_sequences.2bit,EuPathDB/GRanges/v3.9/GRanges.Rhizophagus.irregularis.DAOM.181602DAOM.197198.v42.rda,EuPathDB/OrganismDbi/v3.9/fungidb.Rhizophagus.irregularis.DAOM.181602DAOM.197198.v42/graphInfo.rda,EuPathDB/OrgDb/v3.9/org.Rirregularis.DAOM.181602DAOM.197198.v42.eg.sqlite,EuPathDB/TxDb/v3.9/TxDb.Rhizophagus.irregularis.DAOM.181602DAOM.197198.FungiDB.v42.sqlite,Rhizophagus irregularis DAOM 181602=DAOM 197198,Transcript information for Rhizophagus irregularis DAOM 181602DAOM 197198,FungiDB 42 transcript information for Rhizophagus irregularis DAOM 181602DAOM 197198,GRanges,GRanges,GRanges.Rhizophagus.irregularis.DAOM.181602DAOM.197198.v42.rda,EuPathDB/GRanges/v3.9/GRanges.Rhizophagus.irregularis.DAOM.181602DAOM.197198.v42.rda
v3.9,GiardiaDB-44_GintestinalisAssemblageAAS175,NA,NA,GFF,http://GiardiaDB.org/common/downloads/release-42/GintestinalisAssemblageAAS175/gff/data/GiardiaDB-42_GintestinalisAssemblageAAS175.gff,42,Giardia assemblage,NA,TRUE,GiardiaDB,Keith Hughitt <khughitt@umd.edu>,Annotation:EuPathDB:Eukaryote:Pathogen:Parasite:Giardia,BSGenome.Giardia.assemblage.A.isolate.AS175.v42,GRanges.Giardia.assemblage.A.isolate.AS175.v42.rda,giardiadb.Giardia.assemblage.A.isolate.AS175.v42,org.Gassemblage.A.isolate.AS175.v42.eg.db,TxDb.Giardia.assemblage.A.isolate.AS175.GiardiaDB.v42,A.isolate.AS175,Giardia assemblage A isolate AS175,NA,NA,EuPathDB/BSgenome/v3.9/BSGenome.Giardia.assemblage.A.isolate.AS175.v42/single_sequences.2bit,EuPathDB/GRanges/v3.9/GRanges.Giardia.assemblage.A.isolate.AS175.v42.rda,EuPathDB/OrganismDbi/v3.9/giardiadb.Giardia.assemblage.A.isolate.AS175.v42/graphInfo.rda,EuPathDB/OrgDb/v3.9/org.Gassemblage.A.isolate.AS175.v42.eg.sqlite,EuPathDB/TxDb/v3.9/TxDb.Giardia.assemblage.A.isolate.AS175.GiardiaDB.v42.sqlite,Giardia assemblage A isolate AS175,Transcript information for Giardia assemblage A isolate AS175,GiardiaDB 42 transcript information for Giardia assemblage A isolate AS175,GRanges,GRanges,GRanges.Giardia.assemblage.A.isolate.AS175.v42.rda,EuPathDB/GRanges/v3.9/GRanges.Giardia.assemblage.A.isolate.AS175.v42.rda
v3.9,GiardiaDB-44_GintestinalisAssemblageBBAH15c1,NA,NA,GFF,http://GiardiaDB.org/common/downloads/release-42/GintestinalisAssemblageBBAH15c1/gff/data/GiardiaDB-42_GintestinalisAssemblageBBAH15c1.gff,42,Giardia assemblage,NA,TRUE,GiardiaDB,Keith Hughitt <khughitt@umd.edu>,Annotation:EuPathDB:Eukaryote:Pathogen:Parasite:Giardia,BSGenome.Giardia.assemblage.B.isolate.BAH15c1.v42,GRanges.Giardia.assemblage.B.isolate.BAH15c1.v42.rda,giardiadb.Giardia.assemblage.B.isolate.BAH15c1.v42,org.Gassemblage.B.isolate.BAH15c1.v42.eg.db,TxDb.Giardia.assemblage.B.isolate.BAH15c1.GiardiaDB.v42,B.isolate.BAH15c1,Giardia assemblage B isolate BAH15c1,NA,NA,EuPathDB/BSgenome/v3.9/BSGenome.Giardia.assemblage.B.isolate.BAH15c1.v42/single_sequences.2bit,EuPathDB/GRanges/v3.9/GRanges.Giardia.assemblage.B.isolate.BAH15c1.v42.rda,EuPathDB/OrganismDbi/v3.9/giardiadb.Giardia.assemblage.B.isolate.BAH15c1.v42/graphInfo.rda,EuPathDB/OrgDb/v3.9/org.Gassemblage.B.isolate.BAH15c1.v42.eg.sqlite,EuPathDB/TxDb/v3.9/TxDb.Giardia.assemblage.B.isolate.BAH15c1.GiardiaDB.v42.sqlite,Giardia assemblage B isolate BAH15c1,Transcript information for Giardia assemblage B isolate BAH15c1,GiardiaDB 42 transcript information for Giardia assemblage B isolate BAH15c1,GRanges,GRanges,GRanges.Giardia.assemblage.B.isolate.BAH15c1.v42.rda,EuPathDB/GRanges/v3.9/GRanges.Giardia.assemblage.B.isolate.BAH15c1.v42.rda
v3.9,MicrosporidiaDB-44_AalgeraeUndeen,NA,NA,GFF,http://MicrosporidiaDB.org/common/downloads/release-42/AalgeraeUndeen/gff/data/MicrosporidiaDB-42_AalgeraeUndeen.gff,42,Anncaliia algerae Undeen,1150868,TRUE,MicrosporidiaDB,Keith Hughitt <khughitt@umd.edu>,Annotation:EuPathDB:Eukaryote:Pathogen:Parasite:Microsporidia,BSGenome.Anncaliia.algerae.Undeen.v42,GRanges.Anncaliia.algerae.Undeen.v42.rda,microsporidiadb.Anncaliia.algerae.Undeen.v42,org.Aalgerae.Undeen.v42.eg.db,TxDb.Anncaliia.algerae.Undeen.MicrosporidiaDB.v42,Undeen,Anncaliia algerae Undeen,NA,NA,EuPathDB/BSgenome/v3.9/BSGenome.Anncaliia.algerae.Undeen.v42/single_sequences.2bit,EuPathDB/GRanges/v3.9/GRanges.Anncaliia.algerae.Undeen.v42.rda,EuPathDB/OrganismDbi/v3.9/microsporidiadb.Anncaliia.algerae.Undeen.v42/graphInfo.rda,EuPathDB/OrgDb/v3.9/org.Aalgerae.Undeen.v42.eg.sqlite,EuPathDB/TxDb/v3.9/TxDb.Anncaliia.algerae.Undeen.MicrosporidiaDB.v42.sqlite,Anncaliia algerae Undeen,Transcript information for Anncaliia algerae Undeen,MicrosporidiaDB 42 transcript information for Anncaliia algerae Undeen,GRanges,GRanges,GRanges.Anncaliia.algerae.Undeen.v42.rda,EuPathDB/GRanges/v3.9/GRanges.Anncaliia.algerae.Undeen.v42.rda
v3.9,MicrosporidiaDB-44_HtvaerminnensisOER-3-3,NA,NA,GFF,http://MicrosporidiaDB.org/common/downloads/release-42/HtvaerminnensisOER-3-3/gff/data/MicrosporidiaDB-42_HtvaerminnensisOER-3-3.gff,42,Hamiltosporidium tvaerminnensis OER-3-3,657448,TRUE,MicrosporidiaDB,Keith Hughitt <khughitt@umd.edu>,Annotation:EuPathDB:Eukaryote:Pathogen:Parasite:Microsporidia,BSGenome.Hamiltosporidium.tvaerminnensis.OER.3.3.v42,GRanges.Hamiltosporidium.tvaerminnensis.OER.3.3.v42.rda,microsporidiadb.Hamiltosporidium.tvaerminnensis.OER.3.3.v42,org.Htvaerminnensis.OER.3.3.v42.eg.db,TxDb.Hamiltosporidium.tvaerminnensis.OER.3.3.MicrosporidiaDB.v42,OER.3.3,Hamiltosporidium tvaerminnensis OER 3 3,NA,NA,EuPathDB/BSgenome/v3.9/BSGenome.Hamiltosporidium.tvaerminnensis.OER.3.3.v42/single_sequences.2bit,EuPathDB/GRanges/v3.9/GRanges.Hamiltosporidium.tvaerminnensis.OER.3.3.v42.rda,EuPathDB/OrganismDbi/v3.9/microsporidiadb.Hamiltosporidium.tvaerminnensis.OER.3.3.v42/graphInfo.rda,EuPathDB/OrgDb/v3.9/org.Htvaerminnensis.OER.3.3.v42.eg.sqlite,EuPathDB/TxDb/v3.9/TxDb.Hamiltosporidium.tvaerminnensis.OER.3.3.MicrosporidiaDB.v42.sqlite,Hamiltosporidium tvaerminnensis OER-3-3,Transcript information for Hamiltosporidium tvaerminnensis OER 3 3,MicrosporidiaDB 42 transcript information for Hamiltosporidium tvaerminnensis OER 3 3,GRanges,GRanges,GRanges.Hamiltosporidium.tvaerminnensis.OER.3.3.v42.rda,EuPathDB/GRanges/v3.9/GRanges.Hamiltosporidium.tvaerminnensis.OER.3.3.v42.rda
v3.9,SchistoDB-44_SjaponicumAnhui,NA,NA,GFF,http://SchistoDB.net/common/downloads/release-42/SjaponicumAnhui/gff/data/SchistoDB-42_SjaponicumAnhui.gff,42,Schistosoma japonicum,6182,TRUE,SchistoDB,Keith Hughitt <khughitt@umd.edu>,Annotation:EuPathDB:Eukaryote:Pathogen:Parasite:Schistosoma,BSGenome.Schistosoma.japonicum.Anhui.v42,GRanges.Schistosoma.japonicum.Anhui.v42.rda,schistodb.Schistosoma.japonicum.Anhui.v42,org.Sjaponicum.Anhui.v42.eg.db,TxDb.Schistosoma.japonicum.Anhui.SchistoDB.v42,Anhui,Schistosoma japonicum Anhui,NA,NA,EuPathDB/BSgenome/v3.9/BSGenome.Schistosoma.japonicum.Anhui.v42/single_sequences.2bit,EuPathDB/GRanges/v3.9/GRanges.Schistosoma.japonicum.Anhui.v42.rda,EuPathDB/OrganismDbi/v3.9/schistodb.Schistosoma.japonicum.Anhui.v42/graphInfo.rda,EuPathDB/OrgDb/v3.9/org.Sjaponicum.Anhui.v42.eg.sqlite,EuPathDB/TxDb/v3.9/TxDb.Schistosoma.japonicum.Anhui.SchistoDB.v42.sqlite,Schistosoma japonicum Anhui,Transcript information for Schistosoma japonicum Anhui,SchistoDB 42 transcript information for Schistosoma japonicum Anhui,GRanges,GRanges,GRanges.Schistosoma.japonicum.Anhui.v42.rda,EuPathDB/GRanges/v3.9/GRanges.Schistosoma.japonicum.Anhui.v42.rda
v3.9,SchistoDB-44_SmansoniPuertoRico,NA,NA,GFF,http://SchistoDB.net/common/downloads/release-42/SmansoniPuertoRico/gff/data/SchistoDB-42_SmansoniPuertoRico.gff,42,Schistosoma mansoni,6183,TRUE,SchistoDB,Keith Hughitt <khughitt@umd.edu>,Annotation:EuPathDB:Eukaryote:Pathogen:Parasite:Schistosoma,BSGenome.Schistosoma.mansoni.Puerto.Rico.v42,GRanges.Schistosoma.mansoni.Puerto.Rico.v42.rda,schistodb.Schistosoma.mansoni.Puerto.Rico.v42,org.Smansoni.Puerto.Rico.v42.eg.db,TxDb.Schistosoma.mansoni.Puerto.Rico.SchistoDB.v42,Puerto.Rico,Schistosoma mansoni Puerto Rico,NA,NA,EuPathDB/BSgenome/v3.9/BSGenome.Schistosoma.mansoni.Puerto.Rico.v42/single_sequences.2bit,EuPathDB/GRanges/v3.9/GRanges.Schistosoma.mansoni.Puerto.Rico.v42.rda,EuPathDB/OrganismDbi/v3.9/schistodb.Schistosoma.mansoni.Puerto.Rico.v42/graphInfo.rda,EuPathDB/OrgDb/v3.9/org.Smansoni.Puerto.Rico.v42.eg.sqlite,EuPathDB/TxDb/v3.9/TxDb.Schistosoma.mansoni.Puerto.Rico.SchistoDB.v42.sqlite,Schistosoma mansoni Puerto Rico,Transcript information for Schistosoma mansoni Puerto Rico,SchistoDB 42 transcript information for Schistosoma mansoni Puerto Rico,GRanges,GRanges,GRanges.Schistosoma.mansoni.Puerto.Rico.v42.rda,EuPathDB/GRanges/v3.9/GRanges.Schistosoma.mansoni.Puerto.Rico.v42.rda
v3.9,ToxoDB-44_TgondiiCAST,NA,NA,GFF,http://ToxoDB.org/common/downloads/release-42/TgondiiCAST/gff/data/ToxoDB-42_TgondiiCAST.gff,42,Toxoplasma gondii CAST,943122,TRUE,ToxoDB,Keith Hughitt <khughitt@umd.edu>,Annotation:EuPathDB:Eukaryote:Pathogen:Parasite:Toxoplasmosis,BSGenome.Toxoplasma.gondii.CAST.v42,GRanges.Toxoplasma.gondii.CAST.v42.rda,toxodb.Toxoplasma.gondii.CAST.v42,org.Tgondii.CAST.v42.eg.db,TxDb.Toxoplasma.gondii.CAST.ToxoDB.v42,CAST,Toxoplasma gondii CAST,NA,NA,EuPathDB/BSgenome/v3.9/BSGenome.Toxoplasma.gondii.CAST.v42/single_sequences.2bit,EuPathDB/GRanges/v3.9/GRanges.Toxoplasma.gondii.CAST.v42.rda,EuPathDB/OrganismDbi/v3.9/toxodb.Toxoplasma.gondii.CAST.v42/graphInfo.rda,EuPathDB/OrgDb/v3.9/org.Tgondii.CAST.v42.eg.sqlite,EuPathDB/TxDb/v3.9/TxDb.Toxoplasma.gondii.CAST.ToxoDB.v42.sqlite,Toxoplasma gondii CAST,Transcript information for Toxoplasma gondii CAST,ToxoDB 42 transcript information for Toxoplasma gondii CAST,GRanges,GRanges,GRanges.Toxoplasma.gondii.CAST.v42.rda,EuPathDB/GRanges/v3.9/GRanges.Toxoplasma.gondii.CAST.v42.rda
v3.9,ToxoDB-44_TgondiiCOUG,NA,NA,GFF,http://ToxoDB.org/common/downloads/release-42/TgondiiCOUG/gff/data/ToxoDB-42_TgondiiCOUG.gff,42,Toxoplasma gondii COUG,1074873,TRUE,ToxoDB,Keith Hughitt <khughitt@umd.edu>,Annotation:EuPathDB:Eukaryote:Pathogen:Parasite:Toxoplasmosis,BSGenome.Toxoplasma.gondii.COUG.v42,GRanges.Toxoplasma.gondii.COUG.v42.rda,toxodb.Toxoplasma.gondii.COUG.v42,org.Tgondii.COUG.v42.eg.db,TxDb.Toxoplasma.gondii.COUG.ToxoDB.v42,COUG,Toxoplasma gondii COUG,NA,NA,EuPathDB/BSgenome/v3.9/BSGenome.Toxoplasma.gondii.COUG.v42/single_sequences.2bit,EuPathDB/GRanges/v3.9/GRanges.Toxoplasma.gondii.COUG.v42.rda,EuPathDB/OrganismDbi/v3.9/toxodb.Toxoplasma.gondii.COUG.v42/graphInfo.rda,EuPathDB/OrgDb/v3.9/org.Tgondii.COUG.v42.eg.sqlite,EuPathDB/TxDb/v3.9/TxDb.Toxoplasma.gondii.COUG.ToxoDB.v42.sqlite,Toxoplasma gondii COUG,Transcript information for Toxoplasma gondii COUG,ToxoDB 42 transcript information for Toxoplasma gondii COUG,GRanges,GRanges,GRanges.Toxoplasma.gondii.COUG.v42.rda,EuPathDB/GRanges/v3.9/GRanges.Toxoplasma.gondii.COUG.v42.rda
v3.9,ToxoDB-44_TgondiiCtCo5,NA,NA,GFF,http://ToxoDB.org/common/downloads/release-42/TgondiiCtCo5/gff/data/ToxoDB-42_TgondiiCtCo5.gff,42,Toxoplasma gondii CtCo5,1194599,TRUE,ToxoDB,Keith Hughitt <khughitt@umd.edu>,Annotation:EuPathDB:Eukaryote:Pathogen:Parasite:Toxoplasmosis,BSGenome.Toxoplasma.gondii.CtCo5.v42,GRanges.Toxoplasma.gondii.CtCo5.v42.rda,toxodb.Toxoplasma.gondii.CtCo5.v42,org.Tgondii.CtCo5.v42.eg.db,TxDb.Toxoplasma.gondii.CtCo5.ToxoDB.v42,CtCo5,Toxoplasma gondii CtCo5,NA,NA,EuPathDB/BSgenome/v3.9/BSGenome.Toxoplasma.gondii.CtCo5.v42/single_sequences.2bit,EuPathDB/GRanges/v3.9/GRanges.Toxoplasma.gondii.CtCo5.v42.rda,EuPathDB/OrganismDbi/v3.9/toxodb.Toxoplasma.gondii.CtCo5.v42/graphInfo.rda,EuPathDB/OrgDb/v3.9/org.Tgondii.CtCo5.v42.eg.sqlite,EuPathDB/TxDb/v3.9/TxDb.Toxoplasma.gondii.CtCo5.ToxoDB.v42.sqlite,Toxoplasma gondii CtCo5,Transcript information for Toxoplasma gondii CtCo5,ToxoDB 42 transcript information for Toxoplasma gondii CtCo5,GRanges,GRanges,GRanges.Toxoplasma.gondii.CtCo5.v42.rda,EuPathDB/GRanges/v3.9/GRanges.Toxoplasma.gondii.CtCo5.v42.rda
v3.9,ToxoDB-44_TgondiiTgCATBr5,NA,NA,GFF,http://ToxoDB.org/common/downloads/release-42/TgondiiTgCATBr5/gff/data/ToxoDB-42_TgondiiTgCATBr5.gff,42,Toxoplasma gondii TgCATBr5,943121,TRUE,ToxoDB,Keith Hughitt <khughitt@umd.edu>,Annotation:EuPathDB:Eukaryote:Pathogen:Parasite:Toxoplasmosis,BSGenome.Toxoplasma.gondii.TgCATBr5.v42,GRanges.Toxoplasma.gondii.TgCATBr5.v42.rda,toxodb.Toxoplasma.gondii.TgCATBr5.v42,org.Tgondii.TgCATBr5.v42.eg.db,TxDb.Toxoplasma.gondii.TgCATBr5.ToxoDB.v42,TgCATBr5,Toxoplasma gondii TgCATBr5,NA,NA,EuPathDB/BSgenome/v3.9/BSGenome.Toxoplasma.gondii.TgCATBr5.v42/single_sequences.2bit,EuPathDB/GRanges/v3.9/GRanges.Toxoplasma.gondii.TgCATBr5.v42.rda,EuPathDB/OrganismDbi/v3.9/toxodb.Toxoplasma.gondii.TgCATBr5.v42/graphInfo.rda,EuPathDB/OrgDb/v3.9/org.Tgondii.TgCATBr5.v42.eg.sqlite,EuPathDB/TxDb/v3.9/TxDb.Toxoplasma.gondii.TgCATBr5.ToxoDB.v42.sqlite,Toxoplasma gondii TgCATBr5,Transcript information for Toxoplasma gondii TgCATBr5,ToxoDB 42 transcript information for Toxoplasma gondii TgCATBr5,GRanges,GRanges,GRanges.Toxoplasma.gondii.TgCATBr5.v42.rda,EuPathDB/GRanges/v3.9/GRanges.Toxoplasma.gondii.TgCATBr5.v42.rda
v3.9,ToxoDB-44_TgondiiTgCATBr9,NA,NA,GFF,http://ToxoDB.org/common/downloads/release-42/TgondiiTgCATBr9/gff/data/ToxoDB-42_TgondiiTgCATBr9.gff,42,Toxoplasma gondii TgCATBr9,943120,TRUE,ToxoDB,Keith Hughitt <khughitt@umd.edu>,Annotation:EuPathDB:Eukaryote:Pathogen:Parasite:Toxoplasmosis,BSGenome.Toxoplasma.gondii.TgCATBr9.v42,GRanges.Toxoplasma.gondii.TgCATBr9.v42.rda,toxodb.Toxoplasma.gondii.TgCATBr9.v42,org.Tgondii.TgCATBr9.v42.eg.db,TxDb.Toxoplasma.gondii.TgCATBr9.ToxoDB.v42,TgCATBr9,Toxoplasma gondii TgCATBr9,NA,NA,EuPathDB/BSgenome/v3.9/BSGenome.Toxoplasma.gondii.TgCATBr9.v42/single_sequences.2bit,EuPathDB/GRanges/v3.9/GRanges.Toxoplasma.gondii.TgCATBr9.v42.rda,EuPathDB/OrganismDbi/v3.9/toxodb.Toxoplasma.gondii.TgCATBr9.v42/graphInfo.rda,EuPathDB/OrgDb/v3.9/org.Tgondii.TgCATBr9.v42.eg.sqlite,EuPathDB/TxDb/v3.9/TxDb.Toxoplasma.gondii.TgCATBr9.ToxoDB.v42.sqlite,Toxoplasma gondii TgCATBr9,Transcript information for Toxoplasma gondii TgCATBr9,ToxoDB 42 transcript information for Toxoplasma gondii TgCATBr9,GRanges,GRanges,GRanges.Toxoplasma.gondii.TgCATBr9.v42.rda,EuPathDB/GRanges/v3.9/GRanges.Toxoplasma.gondii.TgCATBr9.v42.rda
v3.9,ToxoDB-44_TgondiiTgCkUg2,NA,NA,GFF,http://ToxoDB.org/common/downloads/release-42/TgondiiTgCkUg2/gff/data/ToxoDB-42_TgondiiTgCkUg2.gff,42,Toxoplasma gondii,5811,TRUE,ToxoDB,Keith Hughitt <khughitt@umd.edu>,Annotation:EuPathDB:Eukaryote:Pathogen:Parasite:Toxoplasmosis,BSGenome.Toxoplasma.gondii.TgCkUg2.v42,GRanges.Toxoplasma.gondii.TgCkUg2.v42.rda,toxodb.Toxoplasma.gondii.TgCkUg2.v42,org.Tgondii.TgCkUg2.v42.eg.db,TxDb.Toxoplasma.gondii.TgCkUg2.ToxoDB.v42,TgCkUg2,Toxoplasma gondii TgCkUg2,NA,NA,EuPathDB/BSgenome/v3.9/BSGenome.Toxoplasma.gondii.TgCkUg2.v42/single_sequences.2bit,EuPathDB/GRanges/v3.9/GRanges.Toxoplasma.gondii.TgCkUg2.v42.rda,EuPathDB/OrganismDbi/v3.9/toxodb.Toxoplasma.gondii.TgCkUg2.v42/graphInfo.rda,EuPathDB/OrgDb/v3.9/org.Tgondii.TgCkUg2.v42.eg.sqlite,EuPathDB/TxDb/v3.9/TxDb.Toxoplasma.gondii.TgCkUg2.ToxoDB.v42.sqlite,Toxoplasma gondii TgCkUg2,Transcript information for Toxoplasma gondii TgCkUg2,ToxoDB 42 transcript information for Toxoplasma gondii TgCkUg2,GRanges,GRanges,GRanges.Toxoplasma.gondii.TgCkUg2.v42.rda,EuPathDB/GRanges/v3.9/GRanges.Toxoplasma.gondii.TgCkUg2.v42.rda
v3.9,TriTrypDB-44_LdonovaniBHU1220,NA,NA,GFF,http://TriTrypDB.org/common/downloads/release-42/LdonovaniBHU1220/gff/data/TriTrypDB-42_LdonovaniBHU1220.gff,42,Leishmania donovani,5661,TRUE,TriTrypDB,Keith Hughitt <khughitt@umd.edu>,Annotation:EuPathDB:Eukaryote:Pathogen:Parasite:Trypanosome:Kinetoplastid:Leishmania,BSGenome.Leishmania.donovani.BHU.1220.v42,GRanges.Leishmania.donovani.BHU.1220.v42.rda,tritrypdb.Leishmania.donovani.BHU.1220.v42,org.Ldonovani.BHU.1220.v42.eg.db,TxDb.Leishmania.donovani.BHU.1220.TriTrypDB.v42,strain.BHU.1220,Leishmania donovani BHU 1220,NA,NA,EuPathDB/BSgenome/v3.9/BSGenome.Leishmania.donovani.BHU.1220.v42/single_sequences.2bit,EuPathDB/GRanges/v3.9/GRanges.Leishmania.donovani.BHU.1220.v42.rda,EuPathDB/OrganismDbi/v3.9/tritrypdb.Leishmania.donovani.BHU.1220.v42/graphInfo.rda,EuPathDB/OrgDb/v3.9/org.Ldonovani.BHU.1220.v42.eg.sqlite,EuPathDB/TxDb/v3.9/TxDb.Leishmania.donovani.BHU.1220.TriTrypDB.v42.sqlite,Leishmania donovani strain BHU 1220,Transcript information for Leishmania donovani BHU 1220,TriTrypDB 42 transcript information for Leishmania donovani BHU 1220,GRanges,GRanges,GRanges.Leishmania.donovani.BHU.1220.v42.rda,EuPathDB/GRanges/v3.9/GRanges.Leishmania.donovani.BHU.1220.v42.rda
v3.9,TriTrypDB-44_LdonovaniLV9,8387,8245,GFF,http://TriTrypDB.org/common/downloads/release-42/LdonovaniLV9/gff/data/TriTrypDB-42_LdonovaniLV9.gff,42,Leishmania donovani,5661,TRUE,TriTrypDB,Keith Hughitt <khughitt@umd.edu>,Annotation:EuPathDB:Eukaryote:Pathogen:Parasite:Trypanosome:Kinetoplastid:Leishmania,BSGenome.Leishmania.donovani.LV9.v42,GRanges.Leishmania.donovani.LV9.v42.rda,tritrypdb.Leishmania.donovani.LV9.v42,org.Ldonovani.LV9.v42.eg.db,TxDb.Leishmania.donovani.LV9.TriTrypDB.v42,strain.LV9,Leishmania donovani LV9,NA,NA,EuPathDB/BSgenome/v3.9/BSGenome.Leishmania.donovani.LV9.v42/single_sequences.2bit,EuPathDB/GRanges/v3.9/GRanges.Leishmania.donovani.LV9.v42.rda,EuPathDB/OrganismDbi/v3.9/tritrypdb.Leishmania.donovani.LV9.v42/graphInfo.rda,EuPathDB/OrgDb/v3.9/org.Ldonovani.LV9.v42.eg.sqlite,EuPathDB/TxDb/v3.9/TxDb.Leishmania.donovani.LV9.TriTrypDB.v42.sqlite,Leishmania donovani strain LV9,Transcript information for Leishmania donovani LV9,TriTrypDB 42 transcript information for Leishmania donovani LV9,GRanges,GRanges,GRanges.Leishmania.donovani.LV9.v42.rda,EuPathDB/GRanges/v3.9/GRanges.Leishmania.donovani.LV9.v42.rda
v3.9,TriTrypDB-44_TcruziBug2148,NA,NA,GFF,http://TriTrypDB.org/common/downloads/release-42/TcruziBug2148/gff/data/TriTrypDB-42_TcruziBug2148.gff,42,Trypanosoma cruzi,5693,TRUE,TriTrypDB,Keith Hughitt <khughitt@umd.edu>,Annotation:EuPathDB:Eukaryote:Pathogen:Parasite:Trypanosome:Kinetoplastid:Leishmania,BSGenome.Trypanosoma.cruzi.Bug2148.v42,GRanges.Trypanosoma.cruzi.Bug2148.v42.rda,tritrypdb.Trypanosoma.cruzi.Bug2148.v42,org.Tcruzi.Bug2148.v42.eg.db,TxDb.Trypanosoma.cruzi.Bug2148.TriTrypDB.v42,Bug2148,Trypanosoma cruzi Bug2148,NA,NA,EuPathDB/BSgenome/v3.9/BSGenome.Trypanosoma.cruzi.Bug2148.v42/single_sequences.2bit,EuPathDB/GRanges/v3.9/GRanges.Trypanosoma.cruzi.Bug2148.v42.rda,EuPathDB/OrganismDbi/v3.9/tritrypdb.Trypanosoma.cruzi.Bug2148.v42/graphInfo.rda,EuPathDB/OrgDb/v3.9/org.Tcruzi.Bug2148.v42.eg.sqlite,EuPathDB/TxDb/v3.9/TxDb.Trypanosoma.cruzi.Bug2148.TriTrypDB.v42.sqlite,Trypanosoma cruzi Bug2148,Transcript information for Trypanosoma cruzi Bug2148,TriTrypDB 42 transcript information for Trypanosoma cruzi Bug2148,GRanges,GRanges,GRanges.Trypanosoma.cruzi.Bug2148.v42.rda,EuPathDB/GRanges/v3.9/GRanges.Trypanosoma.cruzi.Bug2148.v42.rda
v3.9,TriTrypDB-44_TcruziJRcl4,NA,NA,GFF,http://TriTrypDB.org/common/downloads/release-42/TcruziJRcl4/gff/data/TriTrypDB-42_TcruziJRcl4.gff,42,Trypanosoma cruzi JR cl. 4,914063,TRUE,TriTrypDB,Keith Hughitt <khughitt@umd.edu>,Annotation:EuPathDB:Eukaryote:Pathogen:Parasite:Trypanosome:Kinetoplastid:Leishmania,BSGenome.Trypanosoma.cruzi.JR.cl.4.v42,GRanges.Trypanosoma.cruzi.JR.cl.4.v42.rda,tritrypdb.Trypanosoma.cruzi.JR.cl.4.v42,org.Tcruzi.JR.cl.4.v42.eg.db,TxDb.Trypanosoma.cruzi.JR.cl.4.TriTrypDB.v42,JR.cl.4,Trypanosoma cruzi JR cl 4,NA,NA,EuPathDB/BSgenome/v3.9/BSGenome.Trypanosoma.cruzi.JR.cl.4.v42/single_sequences.2bit,EuPathDB/GRanges/v3.9/GRanges.Trypanosoma.cruzi.JR.cl.4.v42.rda,EuPathDB/OrganismDbi/v3.9/tritrypdb.Trypanosoma.cruzi.JR.cl.4.v42/graphInfo.rda,EuPathDB/OrgDb/v3.9/org.Tcruzi.JR.cl.4.v42.eg.sqlite,EuPathDB/TxDb/v3.9/TxDb.Trypanosoma.cruzi.JR.cl.4.TriTrypDB.v42.sqlite,Trypanosoma cruzi JR cl. 4,Transcript information for Trypanosoma cruzi JR cl 4,TriTrypDB 42 transcript information for Trypanosoma cruzi JR cl 4,GRanges,GRanges,GRanges.Trypanosoma.cruzi.JR.cl.4.v42.rda,EuPathDB/GRanges/v3.9/GRanges.Trypanosoma.cruzi.JR.cl.4.v42.rda
v3.9,TriTrypDB-44_TcruziTulacl2,NA,NA,GFF,http://TriTrypDB.org/common/downloads/release-42/TcruziTulacl2/gff/data/TriTrypDB-42_TcruziTulacl2.gff,42,Trypanosoma cruzi Tula cl2,1206070,TRUE,TriTrypDB,Keith Hughitt <khughitt@umd.edu>,Annotation:EuPathDB:Eukaryote:Pathogen:Parasite:Trypanosome:Kinetoplastid:Leishmania,BSGenome.Trypanosoma.cruzi.Tula.cl2.v42,GRanges.Trypanosoma.cruzi.Tula.cl2.v42.rda,tritrypdb.Trypanosoma.cruzi.Tula.cl2.v42,org.Tcruzi.Tula.cl2.v42.eg.db,TxDb.Trypanosoma.cruzi.Tula.cl2.TriTrypDB.v42,Tula.cl2,Trypanosoma cruzi Tula cl2,NA,NA,EuPathDB/BSgenome/v3.9/BSGenome.Trypanosoma.cruzi.Tula.cl2.v42/single_sequences.2bit,EuPathDB/GRanges/v3.9/GRanges.Trypanosoma.cruzi.Tula.cl2.v42.rda,EuPathDB/OrganismDbi/v3.9/tritrypdb.Trypanosoma.cruzi.Tula.cl2.v42/graphInfo.rda,EuPathDB/OrgDb/v3.9/org.Tcruzi.Tula.cl2.v42.eg.sqlite,EuPathDB/TxDb/v3.9/TxDb.Trypanosoma.cruzi.Tula.cl2.TriTrypDB.v42.sqlite,Trypanosoma cruzi Tula cl2,Transcript information for Trypanosoma cruzi Tula cl2,TriTrypDB 42 transcript information for Trypanosoma cruzi Tula cl2,GRanges,GRanges,GRanges.Trypanosoma.cruzi.Tula.cl2.v42.rda,EuPathDB/GRanges/v3.9/GRanges.Trypanosoma.cruzi.Tula.cl2.v42.rda
v3.9,TriTrypDB-44_Tcruzi231,NA,NA,GFF,http://TriTrypDB.org/common/downloads/release-42/Tcruzi231/gff/data/TriTrypDB-42_Tcruzi231.gff,42,Trypanosoma cruzi,5693,TRUE,TriTrypDB,Keith Hughitt <khughitt@umd.edu>,Annotation:EuPathDB:Eukaryote:Pathogen:Parasite:Trypanosome:Kinetoplastid:Leishmania,BSGenome.Trypanosoma.cruzi.231.v42,GRanges.Trypanosoma.cruzi.231.v42.rda,tritrypdb.Trypanosoma.cruzi.231.v42,org.Tcruzi.231.v42.eg.db,TxDb.Trypanosoma.cruzi.231.TriTrypDB.v42,strain.231,Trypanosoma cruzi 231,NA,NA,EuPathDB/BSgenome/v3.9/BSGenome.Trypanosoma.cruzi.231.v42/single_sequences.2bit,EuPathDB/GRanges/v3.9/GRanges.Trypanosoma.cruzi.231.v42.rda,EuPathDB/OrganismDbi/v3.9/tritrypdb.Trypanosoma.cruzi.231.v42/graphInfo.rda,EuPathDB/OrgDb/v3.9/org.Tcruzi.231.v42.eg.sqlite,EuPathDB/TxDb/v3.9/TxDb.Trypanosoma.cruzi.231.TriTrypDB.v42.sqlite,Trypanosoma cruzi strain 231,Transcript information for Trypanosoma cruzi 231,TriTrypDB 42 transcript information for Trypanosoma cruzi 231,GRanges,GRanges,GRanges.Trypanosoma.cruzi.231.v42.rda,EuPathDB/GRanges/v3.9/GRanges.Trypanosoma.cruzi.231.v42.rda
v3.9,TriTrypDB-44_TcruziEsmeraldo,NA,NA,GFF,http://TriTrypDB.org/common/downloads/release-42/TcruziEsmeraldo/gff/data/TriTrypDB-42_TcruziEsmeraldo.gff,42,Trypanosoma cruzi Esmeraldo,366581,TRUE,TriTrypDB,Keith Hughitt <khughitt@umd.edu>,Annotation:EuPathDB:Eukaryote:Pathogen:Parasite:Trypanosome:Kinetoplastid:Leishmania,BSGenome.Trypanosoma.cruzi.Esmeraldo.v42,GRanges.Trypanosoma.cruzi.Esmeraldo.v42.rda,tritrypdb.Trypanosoma.cruzi.Esmeraldo.v42,org.Tcruzi.Esmeraldo.v42.eg.db,TxDb.Trypanosoma.cruzi.Esmeraldo.TriTrypDB.v42,strain.Esmeraldo,Trypanosoma cruzi Esmeraldo,NA,NA,EuPathDB/BSgenome/v3.9/BSGenome.Trypanosoma.cruzi.Esmeraldo.v42/single_sequences.2bit,EuPathDB/GRanges/v3.9/GRanges.Trypanosoma.cruzi.Esmeraldo.v42.rda,EuPathDB/OrganismDbi/v3.9/tritrypdb.Trypanosoma.cruzi.Esmeraldo.v42/graphInfo.rda,EuPathDB/OrgDb/v3.9/org.Tcruzi.Esmeraldo.v42.eg.sqlite,EuPathDB/TxDb/v3.9/TxDb.Trypanosoma.cruzi.Esmeraldo.TriTrypDB.v42.sqlite,Trypanosoma cruzi strain Esmeraldo,Transcript information for Trypanosoma cruzi Esmeraldo,TriTrypDB 42 transcript information for Trypanosoma cruzi Esmeraldo,GRanges,GRanges,GRanges.Trypanosoma.cruzi.Esmeraldo.v42.rda,EuPathDB/GRanges/v3.9/GRanges.Trypanosoma.cruzi.Esmeraldo.v42.rda
v3.9,TriTrypDB-44_TcruziY,NA,NA,GFF,http://TriTrypDB.org/common/downloads/release-42/TcruziY/gff/data/TriTrypDB-42_TcruziY.gff,42,Trypanosoma cruzi,5693,TRUE,TriTrypDB,Keith Hughitt <khughitt@umd.edu>,Annotation:EuPathDB:Eukaryote:Pathogen:Parasite:Trypanosome:Kinetoplastid:Leishmania,BSGenome.Trypanosoma.cruzi.Y.v42,GRanges.Trypanosoma.cruzi.Y.v42.rda,tritrypdb.Trypanosoma.cruzi.Y.v42,org.Tcruzi.Y.v42.eg.db,TxDb.Trypanosoma.cruzi.Y.TriTrypDB.v42,strain.Y,Trypanosoma cruzi Y,NA,NA,EuPathDB/BSgenome/v3.9/BSGenome.Trypanosoma.cruzi.Y.v42/single_sequences.2bit,EuPathDB/GRanges/v3.9/GRanges.Trypanosoma.cruzi.Y.v42.rda,EuPathDB/OrganismDbi/v3.9/tritrypdb.Trypanosoma.cruzi.Y.v42/graphInfo.rda,EuPathDB/OrgDb/v3.9/org.Tcruzi.Y.v42.eg.sqlite,EuPathDB/TxDb/v3.9/TxDb.Trypanosoma.cruzi.Y.TriTrypDB.v42.sqlite,Trypanosoma cruzi strain Y,Transcript information for Trypanosoma cruzi Y,TriTrypDB 42 transcript information for Trypanosoma cruzi Y,GRanges,GRanges,GRanges.Trypanosoma.cruzi.Y.v42.rda,EuPathDB/GRanges/v3.9/GRanges.Trypanosoma.cruzi.Y.v42.rda
